t,frame,x_m,y_m,z_m,yaw_deg,tilt_deg,n_markers,ids,reproj_px,acc_est_m,single_marker,level_assumed
1787862031.358,0,1.330327,0.135763,0.124022,-175.850,8.251,2,4 7,6.4404,0.003476,0,0
1787862031.415,1,1.316651,0.131003,0.122332,-175.844,7.906,2,4 7,6.5134,0.003518,0,0
1787862031.469,2,1.314840,0.129099,0.122479,-175.826,7.848,2,4 7,6.4980,0.003509,0,0
1787862031.516,3,1.313581,0.129856,0.122248,-175.814,7.835,2,4 7,6.5030,0.003512,0,0
1787862031.563,4,1.315905,0.134276,0.121465,-175.791,7.916,2,4 7,6.4806,0.003501,0,0
1787862031.611,5,1.326946,0.132997,0.123613,-175.768,8.145,2,4 7,6.4744,0.003495,0,0
1787862031.656,6,1.326827,0.132709,0.123837,-175.744,8.144,2,4 7,6.4772,0.003496,0,0
1787862031.703,7,1.330614,0.132364,0.124651,-175.714,8.221,2,4 7,6.4434,0.003476,0,0
1787862031.748,8,1.323275,0.131685,0.123649,-175.677,8.053,2,4 7,6.4973,0.003507,0,0
1787862031.796,9,1.303300,0.130372,0.120261,-175.649,7.605,2,4 7,6.5396,0.003535,0,0
1787862031.840,10,1.304877,0.129309,0.120785,-175.618,7.632,2,4 7,6.5675,0.003549,0,0
1787862031.882,11,1.332050,0.136006,0.123968,-175.581,8.284,2,4 7,6.4322,0.003471,0,0
1787862031.929,12,1.316698,0.128684,0.123046,-175.560,7.879,2,4 7,6.4592,0.003487,0,0
1787862031.968,13,1.310044,0.130970,0.121591,-175.529,7.756,2,4 7,6.5334,0.003530,0,0
1787862032.008,14,1.319497,0.133199,0.122805,-175.502,7.993,2,4 7,6.5592,0.003542,0,0
1787862032.049,15,1.312050,0.129717,0.121914,-175.477,7.809,2,4 7,6.5584,0.003543,0,0
1787862032.086,16,1.343975,0.140178,0.125816,-175.444,8.608,2,4 7,6.4068,0.003455,0,0
1787862032.125,17,1.325150,0.133239,0.124568,-175.415,8.141,2,4 7,6.5000,0.003507,0,0
1787862032.164,18,1.319700,0.139827,0.122056,-175.398,8.080,2,4 7,6.4445,0.003481,0,0
1787862032.201,19,1.340373,0.132546,0.127755,-175.384,8.472,2,4 7,6.4295,0.003464,0,0
1787862032.242,20,1.338235,0.138118,0.126487,-175.366,8.470,2,4 7,6.4295,0.003466,0,0
1787862032.280,21,1.321771,0.130797,0.125367,-175.352,8.018,2,4 7,6.6341,0.003578,0,0
1787862032.319,22,1.326016,0.137382,0.124790,-175.327,8.154,2,4 7,6.4768,0.003494,0,0
1787862032.355,23,1.304688,0.130494,0.123103,-175.323,7.620,2,4 7,6.6474,0.003589,0,0
1787862032.392,24,1.322348,0.138962,0.124595,-175.309,8.076,2,4 7,6.5239,0.003520,0,0
1787862032.438,25,1.350744,0.138507,0.130366,-175.297,8.687,2,4 7,6.3299,0.003407,0,0
1787862032.475,26,1.320814,0.135596,0.126004,-175.282,7.989,2,4 7,6.5575,0.003536,0,0
1787862032.514,27,1.328918,0.140660,0.126888,-175.274,8.195,2,4 7,6.4329,0.003468,0,0
1787862032.552,28,1.327112,0.145908,0.125646,-175.266,8.196,2,4 7,6.4642,0.003486,0,0
1787862032.591,29,1.356356,0.150466,0.130635,-175.251,8.865,2,4 7,6.3537,0.003419,0,0
1787862032.629,30,1.361360,0.149773,0.131603,-175.249,8.962,2,4 7,6.3015,0.003390,0,0
1787862032.667,31,1.349911,0.147432,0.131132,-175.244,8.679,2,4 7,6.3725,0.003429,0,0
1787862032.703,32,1.339278,0.145840,0.129466,-175.243,8.415,2,4 7,6.3736,0.003432,0,0
1787862032.741,33,1.342098,0.144676,0.130422,-175.239,8.454,2,4 7,6.3276,0.003406,0,0
1787862032.780,34,1.349027,0.153607,0.130436,-175.233,8.672,2,4 7,6.3372,0.003411,0,0
1787862032.819,35,1.349155,0.151732,0.131437,-175.224,8.653,2,4 7,6.2415,0.003358,0,0
1787862032.857,36,1.356531,0.155974,0.132542,-175.229,8.833,2,4 7,6.3244,0.003401,0,0
1787862032.893,37,1.343473,0.152838,0.131654,-175.224,8.504,2,4 7,6.4829,0.003487,0,0
1787862032.931,38,1.347633,0.155856,0.132832,-175.221,8.616,2,4 7,6.4139,0.003449,0,0
1787862032.967,39,1.355242,0.158961,0.134259,-175.214,8.799,2,4 7,6.4090,0.003444,0,0
1787862033.003,40,1.374555,0.165198,0.137522,-175.203,9.261,2,4 7,6.2090,0.003332,0,0
1787862033.040,41,1.369752,0.164104,0.137671,-175.191,9.125,2,4 7,6.2420,0.003349,0,0
1787862033.076,42,1.373489,0.164026,0.138828,-175.195,9.196,2,4 7,6.3097,0.003384,0,0
1787862033.114,43,1.368931,0.165422,0.137661,-175.186,9.085,2,4 7,6.4033,0.003436,0,0
1787862033.154,44,1.365331,0.162966,0.138462,-175.180,8.976,2,4 7,6.3533,0.003408,0,0
1787862033.192,45,1.370517,0.164788,0.139167,-175.184,9.101,2,4 7,6.1562,0.003301,0,0
1787862033.230,46,1.365854,0.163401,0.138840,-175.176,8.969,2,4 7,6.2867,0.003372,0,0
1787862033.269,47,1.367280,0.168804,0.138482,-175.160,9.024,2,4 7,6.3333,0.003397,0,0
1787862033.308,48,1.392814,0.174924,0.142971,-175.152,9.647,2,4 7,6.1969,0.003318,0,0
1787862033.350,49,1.398892,0.172631,0.145070,-175.141,9.756,2,4 7,6.2111,0.003322,0,0
1787862033.392,50,1.383721,0.171570,0.142358,-175.129,9.388,2,4 7,6.2911,0.003369,0,0
1787862033.430,51,1.388990,0.172993,0.143739,-175.123,9.508,2,4 7,6.3292,0.003387,0,0
1787862033.470,52,1.394588,0.176676,0.144477,-175.103,9.648,2,4 7,6.2216,0.003329,0,0
1787862033.513,53,1.390882,0.178992,0.143927,-175.086,9.571,2,4 7,6.2545,0.003347,0,0
1787862033.551,54,1.384229,0.175092,0.144341,-175.094,9.374,2,4 7,6.2837,0.003362,0,0
1787862033.589,55,1.390541,0.180861,0.144832,-175.071,9.549,2,4 7,6.3034,0.003372,0,0
1787862033.625,56,1.373730,0.179139,0.141741,-175.065,9.134,2,4 7,6.3749,0.003415,0,0
1787862033.662,57,1.381530,0.183357,0.143907,-175.053,9.329,2,4 7,6.2064,0.003321,0,0
1787862033.701,58,1.398933,0.187617,0.146907,-175.034,9.741,2,4 7,6.2766,0.003355,0,0
1787862033.738,59,1.405168,0.186128,0.149369,-175.016,9.869,2,4 7,6.2381,0.003331,0,0
1787862033.775,60,1.401776,0.192729,0.147097,-175.006,9.808,2,4 7,6.2335,0.003331,0,0
1787862033.813,61,1.419653,0.208728,0.150167,-175.026,10.351,2,4 7,6.4274,0.003431,0,0
1787862033.848,62,1.431537,0.190129,0.157042,-174.952,10.479,2,4 7,6.3555,0.003382,0,0
1787862033.885,63,1.425387,0.196632,0.155389,-174.956,10.346,2,4 7,6.2123,0.003308,0,0
1787862033.922,64,1.445325,0.202938,0.159943,-174.944,10.848,2,4 7,6.0699,0.003226,0,0
1787862033.959,65,1.419924,0.201879,0.155126,-174.932,10.243,2,4 7,6.2745,0.003342,0,0
1787862033.999,66,1.407756,0.202221,0.153132,-174.924,9.938,2,4 7,6.2604,0.003337,0,0
1787862034.036,67,1.411900,0.202757,0.154974,-174.912,10.032,2,4 7,6.1611,0.003282,0,0
1787862034.073,68,1.425882,0.205457,0.158114,-174.905,10.356,2,4 7,6.1290,0.003260,0,0
1787862034.116,69,1.453963,0.218647,0.162738,-174.874,11.079,2,4 7,6.0422,0.003208,0,0
1787862034.152,70,1.441354,0.210313,0.161805,-174.865,10.733,2,4 7,6.0720,0.003225,0,0
1787862034.196,71,1.430040,0.214649,0.158823,-174.852,10.484,2,4 7,6.0963,0.003242,0,0
1787862034.239,72,1.445494,0.219958,0.162404,-174.837,10.881,2,4 7,6.1377,0.003259,0,0
1787862034.278,73,1.436283,0.215049,0.161722,-174.840,10.638,2,4 7,6.0845,0.003232,0,0
1787862034.316,74,1.444953,0.218650,0.163568,-174.814,10.856,2,4 7,6.0521,0.003212,0,0
1787862034.354,75,1.449516,0.224191,0.164569,-174.799,10.995,2,4 7,6.0491,0.003209,0,0
1787862034.392,76,1.435495,0.219034,0.162733,-174.792,10.631,2,4 7,6.0588,0.003217,0,0
1787862034.432,77,1.445326,0.221623,0.165256,-174.772,10.871,2,4 7,5.9668,0.003164,0,0
1787862034.471,78,1.451883,0.227772,0.166011,-174.764,11.050,2,4 7,5.9401,0.003149,0,0
1787862034.507,79,1.458883,0.228589,0.168296,-174.739,11.214,2,4 7,5.9407,0.003146,0,0
1787862034.547,80,1.452294,0.227338,0.167394,-174.730,11.046,2,4 7,6.0102,0.003184,0,0
1787862034.587,81,1.455194,0.232156,0.167353,-174.707,11.129,2,4 7,5.9894,0.003173,0,0
1787862034.627,82,1.448655,0.228641,0.166756,-174.699,10.951,2,4 7,6.0007,0.003180,0,0
1787862034.665,83,1.443215,0.230424,0.165424,-174.683,10.826,2,4 7,6.0911,0.003230,0,0
1787862034.704,84,1.430645,0.224267,0.164192,-174.678,10.490,2,4 7,6.0293,0.003199,0,0
1787862034.741,85,1.454216,0.230577,0.168993,-174.657,11.079,2,4 7,6.0079,0.003181,0,0
1787862034.779,86,1.446617,0.231094,0.167685,-174.649,10.897,2,4 7,6.1407,0.003253,0,0
1787862034.816,87,1.448716,0.233801,0.168192,-174.625,10.952,2,4 7,6.0141,0.003185,0,0
1787862034.855,88,1.461581,0.236894,0.171853,-174.603,11.276,2,4 7,5.9417,0.003142,0,0
1787862034.895,89,1.464943,0.238152,0.172887,-174.582,11.347,2,4 7,5.9670,0.003154,0,0
1787862034.936,90,1.467169,0.239976,0.173583,-174.570,11.402,2,4 7,5.9087,0.003122,0,0
1787862034.981,91,1.464420,0.240592,0.173126,-174.536,11.327,2,4 7,5.9432,0.003141,0,0
1787862035.017,92,1.452337,0.242000,0.170480,-174.524,11.038,2,4 7,6.0400,0.003196,0,0
1787862035.056,93,1.464820,0.239968,0.174370,-174.507,11.321,2,4 7,5.9601,0.003148,0,0
1787862035.093,94,1.456895,0.241495,0.172700,-174.481,11.128,2,4 7,6.0015,0.003172,0,0
1787862035.131,95,1.466921,0.245996,0.174666,-174.462,11.385,2,4 7,5.9526,0.003144,0,0
1787862035.170,96,1.459850,0.241799,0.173760,-174.447,11.191,2,4 7,6.0567,0.003200,0,0
1787862035.207,97,1.456842,0.245133,0.173094,-174.418,11.126,2,4 7,6.0315,0.003188,0,0
1787862035.245,98,1.471195,0.248920,0.176601,-174.405,11.480,2,4 7,5.9424,0.003136,0,0
1787862035.288,99,1.473662,0.254236,0.176674,-174.385,11.556,2,4 7,5.9634,0.003147,0,0
1787862035.325,100,1.482645,0.253327,0.179471,-174.351,11.757,2,4 7,5.9568,0.003140,0,0
1787862035.363,101,1.466171,0.253546,0.175739,-174.335,11.361,2,4 7,6.0593,0.003199,0,0
1787862035.404,102,1.477156,0.253711,0.178845,-174.319,11.619,2,4 7,6.0026,0.003165,0,0
1787862035.445,103,1.475172,0.250931,0.179016,-174.295,11.562,2,4 7,5.9370,0.003130,0,0
1787862035.483,104,1.482327,0.252391,0.180883,-174.269,11.739,2,4 7,5.9362,0.003127,0,0
1787862035.519,105,1.475689,0.250108,0.179520,-174.241,11.576,2,4 7,6.0356,0.003181,0,0
1787862035.560,106,1.481290,0.257880,0.180256,-174.224,11.749,2,4 7,6.0181,0.003171,0,0
1787862035.595,107,1.492707,0.255794,0.183683,-174.191,12.025,2,4 7,5.9500,0.003130,0,0
1787862035.639,108,1.461331,0.252441,0.176577,-174.183,11.260,2,4 7,6.0207,0.003177,0,0
1787862035.679,109,1.477254,0.256927,0.180795,-174.154,11.674,2,4 7,5.9595,0.003139,0,0
1787862035.718,110,1.494904,0.260878,0.185060,-174.115,12.118,2,4 7,5.8938,0.003099,0,0
1787862035.754,111,1.475463,0.254769,0.181001,-174.113,11.609,2,4 7,5.9962,0.003158,0,0
1787862035.792,112,1.476011,0.257673,0.180854,-174.083,11.638,2,4 7,5.9682,0.003144,0,0
1787862035.827,113,1.487053,0.263033,0.182784,-174.064,11.928,2,4 7,5.9198,0.003116,0,0
1787862035.865,114,1.484217,0.258005,0.182889,-174.037,11.836,2,4 7,5.9185,0.003115,0,0
1787862035.903,115,1.486481,0.259647,0.183777,-174.010,11.910,2,4 7,5.9008,0.003104,0,0
1787862035.943,116,1.484586,0.259473,0.183406,-173.988,11.873,2,4 7,5.8866,0.003097,0,0
1787862035.980,117,1.478256,0.259986,0.181542,-173.961,11.725,2,4 7,5.9285,0.003122,0,0
1787862036.018,118,1.488090,0.260770,0.183970,-173.934,11.969,2,4 7,5.9176,0.003113,0,0
1787862036.055,119,1.493035,0.264083,0.184657,-173.906,12.101,2,4 7,5.8659,0.003085,0,0
1787862036.092,120,1.477192,0.263627,0.180890,-173.892,11.724,2,4 7,5.9398,0.003129,0,0
1787862036.132,121,1.488390,0.259600,0.184638,-173.868,11.997,2,4 7,6.0502,0.003182,0,0
1787862036.169,122,1.493270,0.263102,0.185344,-173.819,12.129,2,4 7,5.8859,0.003095,0,0
1787862036.205,123,1.486945,0.262265,0.184074,-173.816,11.968,2,4 7,5.9508,0.003130,0,0
1787862036.248,124,1.480478,0.264389,0.182198,-173.781,11.825,2,4 7,5.9647,0.003140,0,0
1787862036.284,125,1.478979,0.262022,0.182033,-173.754,11.776,2,4 7,5.9408,0.003128,0,0
1787862036.324,126,1.484482,0.265500,0.183523,-173.727,11.921,2,4 7,5.8848,0.003096,0,0
1787862036.363,127,1.490795,0.263470,0.185700,-173.704,12.063,2,4 7,5.9309,0.003118,0,0
1787862036.402,128,1.483130,0.263718,0.183579,-173.666,11.871,2,4 7,5.9053,0.003107,0,0
1787862036.444,129,1.493328,0.267601,0.186196,-173.634,12.132,2,4 7,5.9489,0.003126,0,0
1787862036.481,130,1.487935,0.271193,0.184335,-173.609,12.013,2,4 7,5.9003,0.003103,0,0
1787862036.519,131,1.485229,0.266670,0.184692,-173.592,11.925,2,4 7,5.8591,0.003081,0,0
1787862036.558,132,1.500249,0.274616,0.187984,-173.565,12.314,2,4 7,5.8443,0.003069,0,0
1787862036.597,133,1.486785,0.270686,0.185686,-173.536,11.969,2,4 7,5.9055,0.003104,0,0
1787862036.633,134,1.493989,0.272628,0.187676,-173.500,12.144,2,4 7,5.9790,0.003140,0,0
1787862036.673,135,1.484541,0.271585,0.185548,-173.483,11.896,2,4 7,5.9211,0.003113,0,0
1787862036.710,136,1.492687,0.271781,0.187963,-173.445,12.080,2,4 7,5.8127,0.003053,0,0
1787862036.748,137,1.492272,0.277545,0.187822,-173.415,12.086,2,4 7,5.9486,0.003124,0,0
1787862036.784,138,1.488117,0.276976,0.186842,-173.397,11.969,2,4 7,5.9438,0.003123,0,0
1787862036.821,139,1.508243,0.280054,0.192574,-173.354,12.464,2,4 7,5.9485,0.003118,0,0
1787862036.858,140,1.509795,0.278119,0.193831,-173.328,12.492,2,4 7,5.7933,0.003035,0,0
1787862036.895,141,1.512968,0.284767,0.194136,-173.296,12.585,2,4 7,5.7971,0.003036,0,0
1787862036.931,142,1.514798,0.283774,0.194969,-173.273,12.622,2,4 7,5.8336,0.003054,0,0
1787862036.968,143,1.511080,0.282640,0.194384,-173.240,12.518,2,4 7,5.9453,0.003114,0,0
1787862037.006,144,1.495499,0.277165,0.191114,-173.218,12.115,2,4 7,5.8707,0.003079,0,0
1787862037.043,145,1.504930,0.282759,0.193257,-173.190,12.368,2,4 7,5.9036,0.003093,0,0
1787862037.088,146,1.512229,0.283723,0.195323,-173.164,12.547,2,4 7,5.9180,0.003098,0,0
1787862037.127,147,1.510958,0.288748,0.195254,-173.122,12.538,2,4 7,5.9214,0.003100,0,0
1787862037.166,148,1.509371,0.286229,0.195142,-173.096,12.491,2,4 7,5.8667,0.003071,0,0
1787862037.204,149,1.508546,0.287599,0.194818,-173.065,12.480,2,4 7,5.8646,0.003071,0,0
1787862037.243,150,1.516976,0.289468,0.197156,-173.035,12.696,2,4 7,5.8425,0.003056,0,0
1787862037.279,151,1.509058,0.287742,0.195782,-173.012,12.498,2,4 7,5.8457,0.003060,0,0
1787862037.319,152,1.505538,0.288757,0.194903,-172.986,12.418,2,4 7,5.8676,0.003072,0,0
1787862037.356,153,1.517079,0.295679,0.197561,-172.948,12.730,2,4 7,5.8278,0.003048,0,0
1787862037.394,154,1.517000,0.295095,0.197812,-172.917,12.722,2,4 7,5.8559,0.003062,0,0
1787862037.434,155,1.512991,0.294075,0.197465,-172.894,12.617,2,4 7,5.8447,0.003057,0,0
1787862037.473,156,1.511421,0.290082,0.197444,-172.867,12.569,2,4 7,5.9194,0.003096,0,0
1787862037.511,157,1.525243,0.297148,0.200548,-172.829,12.936,2,4 7,5.8117,0.003035,0,0
1787862037.550,158,1.520959,0.296481,0.199988,-172.806,12.831,2,4 7,5.8340,0.003048,0,0
1787862037.589,159,1.524376,0.302219,0.200439,-172.772,12.928,2,4 7,5.8049,0.003032,0,0
1787862037.626,160,1.521298,0.307039,0.199073,-172.752,12.865,2,4 7,5.8048,0.003034,0,0
1787862037.664,161,1.519286,0.303709,0.199789,-172.714,12.812,2,4 7,5.8568,0.003060,0,0
1787862037.702,162,1.516049,0.299596,0.199897,-172.679,12.715,2,4 7,5.8385,0.003050,0,0
1787862037.742,163,1.531968,0.303119,0.203976,-172.658,13.120,2,4 7,5.8304,0.003041,0,0
1787862037.779,164,1.515805,0.302336,0.200224,-172.629,12.726,2,4 7,5.8504,0.003056,0,0
1787862037.819,165,1.514501,0.302967,0.199980,-172.604,12.682,2,4 7,5.9111,0.003088,0,0
1787862037.857,166,1.539457,0.306754,0.206940,-172.556,13.300,2,4 7,5.8710,0.003058,0,0
1787862037.896,167,1.533553,0.310009,0.205396,-172.526,13.176,2,4 7,5.9563,0.003104,0,0
1787862037.934,168,1.527172,0.308446,0.204457,-172.503,13.009,2,4 7,5.8220,0.003036,0,0
1787862037.972,169,1.531908,0.310959,0.206114,-172.468,13.119,2,4 7,5.8328,0.003039,0,0
1787862038.010,170,1.523029,0.313272,0.203515,-172.453,12.915,2,4 7,5.8908,0.003073,0,0
1787862038.049,171,1.530496,0.309174,0.206341,-172.415,13.081,2,4 7,5.8541,0.003050,0,0
1787862038.085,172,1.530043,0.311983,0.206040,-172.385,13.072,2,4 7,5.8998,0.003074,0,0
1787862038.122,173,1.524856,0.314798,0.204347,-172.354,12.954,2,4 7,5.8910,0.003072,0,0
1787862038.163,174,1.513341,0.311807,0.201806,-172.343,12.661,2,4 7,5.8338,0.003045,0,0
1787862038.198,175,1.522192,0.313692,0.204674,-172.302,12.880,2,4 7,5.9191,0.003086,0,0
1787862038.236,176,1.530244,0.315847,0.206934,-172.262,13.082,2,4 7,5.9396,0.003094,0,0
1787862038.276,177,1.541418,0.321043,0.209995,-172.239,13.375,2,4 7,5.8058,0.003020,0,0
1787862038.314,178,1.537124,0.322284,0.208786,-172.204,13.270,2,4 7,5.8614,0.003050,0,0
1787862038.352,179,1.535922,0.320357,0.209337,-172.187,13.233,2,4 7,5.9707,0.003107,0,0
1787862038.391,180,1.521538,0.317500,0.205483,-172.172,12.864,2,4 7,5.8937,0.003072,0,0
1787862038.427,181,1.538368,0.320012,0.210302,-172.138,13.292,2,4 7,5.8680,0.003052,0,0
1787862038.467,182,1.535243,0.322664,0.208948,-172.119,13.227,2,4 7,5.8283,0.003033,0,0
1787862038.508,183,1.536930,0.321898,0.210135,-172.093,13.270,2,4 7,5.8880,0.003062,0,0
1787862038.544,184,1.531226,0.325887,0.208332,-172.059,13.132,2,4 7,5.8920,0.003067,0,0
1787862038.583,185,1.544382,0.325591,0.212213,-172.026,13.457,2,4 7,5.9003,0.003066,0,0
1787862038.621,186,1.538493,0.322125,0.211628,-172.010,13.310,2,4 7,5.8784,0.003055,0,0
1787862038.659,187,1.537782,0.330774,0.210604,-171.971,13.302,2,4 7,5.8274,0.003030,0,0
1787862038.699,188,1.537779,0.326232,0.211516,-171.961,13.288,2,4 7,5.7929,0.003011,0,0
1787862038.739,189,1.539323,0.330028,0.212154,-171.938,13.337,2,4 7,5.7961,0.003012,0,0
1787862038.775,190,1.533514,0.334953,0.209879,-171.894,13.205,2,4 7,5.8275,0.003031,0,0
1787862038.813,191,1.537560,0.332182,0.211526,-171.886,13.303,2,4 7,5.8317,0.003031,0,0
1787862038.851,192,1.538563,0.333400,0.211940,-171.862,13.328,2,4 7,5.8658,0.003049,0,0
1787862038.889,193,1.544797,0.331493,0.214477,-171.847,13.486,2,4 7,5.7822,0.003002,0,0
1787862038.926,194,1.537940,0.337774,0.211874,-171.813,13.327,2,4 7,5.7701,0.002999,0,0
1787862038.964,195,1.533833,0.334229,0.210835,-171.796,13.214,2,4 7,5.8218,0.003027,0,0
1787862039.004,196,1.534182,0.336635,0.211172,-171.774,13.230,2,4 7,5.8382,0.003035,0,0
1787862039.043,197,1.535722,0.334467,0.211423,-171.766,13.258,2,4 7,5.8040,0.003017,0,0
1787862039.083,198,1.546219,0.341138,0.214204,-171.743,13.535,2,4 7,5.8166,0.003020,0,0
1787862039.121,199,1.550912,0.339927,0.216360,-171.717,13.649,2,4 7,5.8595,0.003039,0,0
1787862039.158,200,1.533065,0.336944,0.211257,-171.707,13.195,2,4 7,5.8346,0.003033,0,0
1787862039.196,201,1.545703,0.339856,0.214771,-171.681,13.512,2,4 7,5.9287,0.003077,0,0
1787862039.234,202,1.542430,0.338835,0.214545,-171.663,13.430,2,4 7,5.9040,0.003065,0,0
1787862039.270,203,1.547016,0.344950,0.215276,-171.641,13.555,2,4 7,5.8150,0.003018,0,0
1787862039.309,204,1.538398,0.342320,0.213916,-171.639,13.333,2,4 7,5.8901,0.003058,0,0
1787862039.349,205,1.537428,0.342400,0.213236,-171.639,13.305,2,4 7,5.8989,0.003064,0,0
1787862039.387,206,1.535227,0.342302,0.213647,-171.630,13.252,2,4 7,5.8543,0.003040,0,0
1787862039.423,207,1.539316,0.340257,0.214543,-171.603,13.347,2,4 7,5.8718,0.003048,0,0
1787862039.465,208,1.550963,0.345667,0.217396,-171.576,13.645,2,4 7,5.8151,0.003015,0,0
1787862039.507,209,1.549546,0.343892,0.217470,-171.582,13.609,2,4 7,5.8837,0.003050,0,0
1787862039.550,210,1.547982,0.347098,0.216673,-171.567,13.578,2,4 7,5.8306,0.003024,0,0
1787862039.593,211,1.548178,0.347375,0.216675,-171.552,13.584,2,4 7,5.8113,0.003014,0,0
1787862039.632,212,1.552228,0.347713,0.218273,-171.540,13.689,2,4 7,5.8382,0.003026,0,0
1787862039.672,213,1.550805,0.346570,0.217828,-171.543,13.652,2,4 7,5.8472,0.003031,0,0
1787862039.712,214,1.557700,0.342893,0.220091,-171.524,13.812,2,4 7,5.7879,0.002997,0,0
1787862039.752,215,1.053660,0.300375,0.138296,-172.108,1.408,3,4 7 1,11.9308,0.005226,0,0
1787862039.790,216,1.116124,0.306614,0.140708,-172.078,2.914,3,4 7 1,9.7773,0.004278,0,0
1787862039.829,217,0.986534,0.308677,0.132653,-172.091,0.523,3,4 7 1,9.9426,0.004365,0,0
1787862039.865,218,1.122090,0.307214,0.141482,-172.085,3.050,3,4 7 1,9.9752,0.004363,0,0
1787862039.908,219,1.118621,0.298875,0.143255,-172.063,2.949,3,4 7 1,12.0355,0.005260,0,0
1787862039.949,220,1.118177,0.305907,0.141072,-172.070,2.958,3,4 7 1,9.8341,0.004302,0,0
1787862039.985,221,1.152712,0.301779,0.146517,-172.056,3.788,3,4 7 1,11.8823,0.005186,0,0
1787862040.030,222,1.072673,0.307506,0.137579,-172.057,1.879,3,4 7 1,9.7924,0.004290,0,0
1787862040.068,223,1.173069,0.300675,0.149159,-172.042,4.276,3,4 7 1,11.8174,0.005152,0,0
1787862040.106,224,1.126700,0.300297,0.144463,-172.043,3.153,3,4 7 1,12.0027,0.005243,0,0
1787862040.146,225,1.096780,0.301294,0.141432,-172.049,2.435,3,4 7 1,12.0114,0.005254,0,0
1787862040.185,226,1.100967,0.302157,0.141883,-172.043,2.547,3,4 7 1,12.0146,0.005254,0,0
1787862040.224,227,1.062857,0.302877,0.138694,-172.058,1.626,3,4 7 1,11.8485,0.005189,0,0
1787862040.264,228,1.129712,0.303453,0.144130,-172.044,3.230,3,4 7 1,11.9438,0.005218,0,0
1787862040.302,229,1.554512,0.343863,0.219034,-171.469,13.723,2,4 7,5.8587,0.003035,0,0
1787862040.341,230,1.551323,0.345396,0.217983,-171.466,13.649,2,4 7,5.8215,0.003017,0,0
1787862040.385,231,1.547376,0.343064,0.216913,-171.479,13.546,2,4 7,5.7737,0.002994,0,0
1787862040.429,232,1.546982,0.344043,0.216558,-171.471,13.540,2,4 7,5.8282,0.003023,0,0
1787862040.470,233,1.545145,0.342402,0.216335,-171.467,13.494,2,4 7,5.7617,0.002989,0,0
1787862040.514,234,1.545925,0.343702,0.216403,-171.462,13.516,2,4 7,5.7950,0.003006,0,0
1787862040.559,235,1.544857,0.341931,0.216003,-171.473,13.488,2,4 7,5.7955,0.003007,0,0
1787862040.603,236,1.550962,0.343151,0.217686,-171.470,13.648,2,4 7,5.7352,0.002973,0,0
1787862040.644,237,1.540533,0.341603,0.214940,-171.467,13.381,2,4 7,5.8324,0.003027,0,0
1787862040.686,238,1.537348,0.342880,0.214010,-171.477,13.307,2,4 7,5.8586,0.003042,0,0
1787862040.726,239,1.539213,0.341088,0.214590,-171.466,13.348,2,4 7,5.7783,0.003000,0,0
1787862040.769,240,1.555292,0.344890,0.219055,-171.463,13.762,2,4 7,5.8482,0.003030,0,0
1787862040.815,241,1.548898,0.344249,0.217244,-171.463,13.598,2,4 7,5.7949,0.003005,0,0
1787862040.853,242,1.548897,0.347619,0.216632,-171.471,13.606,2,4 7,5.7925,0.003004,0,0
1787862040.893,243,1.552014,0.349416,0.217867,-171.455,13.699,2,4 7,5.8423,0.003028,0,0
1787862040.932,244,1.534488,0.345242,0.213053,-171.475,13.248,2,4 7,5.7813,0.003003,0,0
1787862040.971,245,1.547609,0.348293,0.216177,-171.464,13.583,2,4 7,5.7621,0.002989,0,0
1787862041.008,246,1.551747,0.349830,0.217027,-171.464,13.710,2,4 7,5.8310,0.003024,0,0
1787862041.048,247,1.539595,0.346197,0.214209,-171.464,13.398,2,4 7,5.8079,0.003015,0,0
1787862041.090,248,1.546394,0.347175,0.216404,-171.456,13.563,2,4 7,5.8661,0.003043,0,0
1787862041.132,249,1.546396,0.346463,0.216162,-171.450,13.571,2,4 7,5.8437,0.003031,0,0
1787862041.169,250,1.548317,0.346214,0.216823,-171.445,13.640,2,4 7,5.8772,0.003048,0,0
1787862041.214,251,1.538900,0.341865,0.214210,-171.452,13.385,2,4 7,5.8816,0.003054,0,0
1787862041.251,252,1.546223,0.348526,0.216060,-171.442,13.580,2,4 7,5.8283,0.003024,0,0
1787862041.291,253,1.549900,0.347813,0.217117,-171.431,13.677,2,4 7,5.8614,0.003039,0,0
1787862041.328,254,1.552438,0.349055,0.217706,-171.431,13.750,2,4 7,5.8649,0.003040,0,0
1787862041.368,255,1.555074,0.346770,0.218311,-171.417,13.814,2,4 7,5.7816,0.002996,0,0
1787862041.406,256,1.547722,0.345560,0.216237,-171.421,13.625,2,4 7,5.8088,0.003013,0,0
1787862041.446,257,1.547274,0.349826,0.215559,-171.420,13.625,2,4 7,5.7916,0.003005,0,0
1787862041.485,258,1.545537,0.344248,0.215894,-171.425,13.581,2,4 7,5.8026,0.003010,0,0
1787862041.525,259,1.536471,0.344518,0.212790,-171.428,13.358,2,4 7,5.8039,0.003015,0,0
1787862041.569,260,1.541078,0.345904,0.214047,-171.421,13.475,2,4 7,5.7622,0.002992,0,0
1787862041.608,261,1.548476,0.345155,0.216461,-171.416,13.665,2,4 7,5.7646,0.002990,0,0
1787862041.646,262,1.545395,0.345420,0.215672,-171.415,13.594,2,4 7,5.8215,0.003021,0,0
1787862041.685,263,1.548061,0.348130,0.216233,-171.405,13.664,2,4 7,5.7982,0.003008,0,0
1787862041.725,264,1.554901,0.348514,0.217910,-171.392,13.837,2,4 7,5.7862,0.002999,0,0
1787862041.764,265,1.545910,0.346273,0.215047,-171.408,13.612,2,4 7,5.7912,0.003006,0,0
1787862041.805,266,1.545768,0.346427,0.215483,-171.399,13.615,2,4 7,5.8513,0.003036,0,0
1787862041.845,267,1.552423,0.348481,0.217190,-171.402,13.789,2,4 7,5.7921,0.003003,0,0
1787862041.884,268,1.538372,0.345044,0.213741,-171.405,13.437,2,4 7,5.7960,0.003010,0,0
1787862041.928,269,1.547770,0.343166,0.216189,-171.401,13.661,2,4 7,5.7979,0.003008,0,0
1787862041.968,270,1.545259,0.344688,0.215088,-171.399,13.603,2,4 7,5.8320,0.003027,0,0
1787862042.005,271,1.554301,0.344884,0.217991,-171.403,13.841,2,4 7,5.8846,0.003050,0,0
1787862042.043,272,1.555207,0.344912,0.218191,-171.391,13.862,2,4 7,5.8340,0.003024,0,0
1787862042.082,273,1.546685,0.342639,0.216360,-171.410,13.630,2,4 7,5.8842,0.003052,0,0
1787862042.118,274,1.540029,0.345119,0.214248,-171.404,13.444,2,4 7,5.8424,0.003033,0,0
1787862042.156,275,1.552449,0.348525,0.217126,-171.395,13.759,2,4 7,5.7738,0.002994,0,0
1787862042.197,276,1.551674,0.348493,0.217033,-171.409,13.720,2,4 7,5.8023,0.003009,0,0
1787862042.236,277,1.549778,0.346641,0.216432,-171.406,13.658,2,4 7,5.8337,0.003026,0,0
1787862042.274,278,1.556216,0.347971,0.218963,-171.408,13.813,2,4 7,5.8171,0.003014,0,0
1787862042.314,279,1.551083,0.352794,0.216855,-171.418,13.672,2,4 7,5.8341,0.003026,0,0
1787862042.353,280,1.561857,0.351292,0.220260,-171.420,13.933,2,4 7,5.8074,0.003007,0,0
1787862042.395,281,1.548965,0.348002,0.216491,-171.437,13.589,2,4 7,5.7791,0.002997,0,0
1787862042.433,282,1.559871,0.348832,0.219458,-171.430,13.854,2,4 7,5.7976,0.003003,0,0
1787862042.472,283,1.552859,0.348731,0.217585,-171.448,13.667,2,4 7,5.7295,0.002970,0,0
1787862042.509,284,1.140483,0.306173,0.144259,-172.015,3.473,3,4 7 1,11.7991,0.005155,0,0
1787862042.547,285,1.562342,0.351693,0.220354,-171.461,13.895,2,4 7,5.7254,0.002965,0,0
1787862042.585,286,0.898424,0.310626,0.131984,-172.032,2.480,3,4 7 1,12.0425,0.005289,0,0
1787862042.623,287,1.076438,0.307551,0.138875,-172.068,1.907,3,4 7 1,11.9655,0.005240,0,0
1787862042.664,288,1.126853,0.312608,0.140556,-172.067,3.101,3,4 7 1,9.9748,0.004365,0,0
1787862042.700,289,1.150382,0.311506,0.143288,-172.074,3.632,3,4 7 1,9.7980,0.004282,0,0
1787862042.738,290,1.161824,0.312942,0.144332,-172.091,3.878,3,4 7 1,9.8863,0.004319,0,0
1787862042.775,291,1.171872,0.312233,0.145699,-172.112,4.079,3,4 7 1,9.6958,0.004233,0,0
1787862042.813,292,1.158086,0.312275,0.144451,-172.128,3.702,3,4 7 1,9.8818,0.004317,0,0
1787862042.853,293,1.138607,0.314696,0.141537,-172.150,3.195,3,4 7 1,9.8216,0.004296,0,0
1787862042.890,294,1.151488,0.323099,0.140313,-172.154,3.498,3,1 4 7,7.6490,0.003347,0,0
1787862042.928,295,1.154725,0.323342,0.141023,-172.182,3.529,3,1 4 7,7.7382,0.003385,0,0
1787862042.969,296,1.156059,0.323064,0.141274,-172.203,3.509,3,1 4 7,7.7682,0.003398,0,0
1787862043.011,297,1.158648,0.322885,0.141410,-172.231,3.521,3,1 4 7,7.7692,0.003398,0,0
1787862043.050,298,1.165048,0.323497,0.142347,-172.265,3.638,3,1 4 7,7.7325,0.003381,0,0
1787862043.088,299,1.164557,0.324811,0.141869,-172.295,3.577,3,1 4 7,7.7259,0.003379,0,0
1787862043.124,300,1.174771,0.324717,0.143115,-172.306,3.771,3,1 4 7,7.8113,0.003414,0,0
1787862043.162,301,1.153992,0.325913,0.140221,-172.343,3.229,3,1 4 7,7.7220,0.003379,0,0
1787862043.202,302,1.175146,0.325834,0.142855,-172.375,3.677,3,1 4 7,7.7397,0.003383,0,0
1787862043.240,303,1.186868,0.325930,0.144416,-172.402,3.899,3,1 4 7,7.7456,0.003384,0,0
1787862043.276,304,1.180871,0.326383,0.143079,-172.440,3.703,3,1 4 7,7.7264,0.003377,0,0
1787862043.316,305,1.186999,0.326899,0.143768,-172.477,3.789,3,1 4 7,7.8046,0.003410,0,0
1787862043.354,306,1.204260,0.327120,0.145885,-172.502,4.116,3,1 4 7,7.8313,0.003419,0,0
1787862043.389,307,1.221811,0.328312,0.147899,-172.551,4.463,3,1 4 7,7.9160,0.003453,0,0
1787862043.428,308,1.215666,0.327771,0.147247,-172.575,4.233,3,1 4 7,7.7596,0.003386,0,0
1787862043.467,309,1.200256,0.328557,0.144929,-172.616,3.766,3,1 4 7,7.9382,0.003467,0,0
1787862043.505,310,1.219315,0.328962,0.147722,-172.648,4.128,3,1 4 7,7.7330,0.003374,0,0
1787862043.543,311,1.229741,0.330547,0.148291,-172.695,4.288,3,1 4 7,7.8693,0.003432,0,0
1787862043.583,312,1.218564,0.330504,0.146789,-172.729,3.920,3,1 4 7,7.9070,0.003451,0,0
1787862043.620,313,1.228550,0.331104,0.148486,-172.781,4.063,3,1 4 7,7.8401,0.003419,0,0
1787862043.656,314,1.238147,0.332833,0.148982,-172.827,4.211,3,4 1 7,7.7982,0.003400,0,0
1787862043.692,315,1.233163,0.331201,0.148804,-172.874,3.998,3,1 4 7,7.7954,0.003399,0,0
1787862043.731,316,1.235743,0.334186,0.148778,-172.918,3.995,3,1 4 7,7.7871,0.003396,0,0
1787862043.770,317,1.251290,0.335475,0.150635,-172.957,4.285,3,1 4 7,7.8352,0.003414,0,0
1787862043.808,318,1.075544,0.338316,0.132281,-172.998,0.607,4,1 4 7 8,9.4535,0.003595,0,0
1787862043.845,319,1.087029,0.340332,0.131479,-173.034,0.660,4,8 1 4 7,7.5464,0.002871,0,0
1787862043.882,320,1.091669,0.339928,0.131945,-173.084,0.646,4,8 1 4 7,7.6634,0.002915,0,0
1787862043.920,321,1.095493,0.340116,0.131992,-173.136,0.645,4,8 1 4 7,7.7066,0.002931,0,0
1787862043.957,322,1.091762,0.340647,0.131720,-173.192,0.604,4,8 4 1 7,7.6473,0.002909,0,0
1787862044.001,323,1.095000,0.342292,0.131296,-173.235,0.632,4,8 1 4 7,7.5402,0.002869,0,0
1787862044.041,324,1.101108,0.342259,0.131770,-173.290,0.631,4,8 1 4 7,7.6554,0.002912,0,0
1787862044.079,325,1.102849,0.342129,0.131728,-173.348,0.601,4,8 1 4 7,7.5712,0.002880,0,0
1787862044.116,326,1.102085,0.343694,0.131244,-173.402,0.605,4,8 1 4 7,7.5207,0.002861,0,0
1787862044.155,327,1.105773,0.344129,0.131419,-173.458,0.595,4,8 1 4 7,7.6041,0.002893,0,0
1787862044.192,328,1.110600,0.345993,0.131276,-173.507,0.626,4,8 1 4 7,7.5672,0.002879,0,0
1787862044.233,329,1.112001,0.346442,0.131235,-173.572,0.609,4,8 1 4 7,7.6643,0.002916,0,0
1787862044.269,330,1.115768,0.347766,0.131364,-173.619,0.630,4,8 1 4 7,7.6252,0.002901,0,0
1787862044.306,331,1.116638,0.348190,0.131351,-173.683,0.612,4,8 1 4 7,7.6172,0.002898,0,0
1787862044.346,332,1.120921,0.349617,0.130993,-173.745,0.628,4,8 4 7 1,7.5432,0.002870,0,0
1787862044.384,333,1.124563,0.348627,0.131739,-173.804,0.595,4,8 1 4 7,7.5780,0.002882,0,0
1787862044.422,334,1.123544,0.350520,0.131020,-173.863,0.608,4,8 1 4 7,7.5639,0.002878,0,0
1787862044.461,335,1.127434,0.351531,0.131179,-173.920,0.611,4,8 1 4 7,7.5547,0.002874,0,0
1787862044.497,336,1.132895,0.352850,0.130976,-173.975,0.632,4,8 1 4 7,7.6153,0.002898,0,0
1787862044.534,337,1.133438,0.353183,0.131125,-174.046,0.617,4,8 7 1 4,7.5575,0.002875,0,0
1787862044.572,338,1.138980,0.352793,0.131632,-174.110,0.602,4,8 1 4 7,7.4835,0.002847,0,0
1787862044.608,339,1.139834,0.353205,0.130973,-174.177,0.595,4,8 1 4 7,7.7192,0.002937,0,0
1787862044.646,340,1.145363,0.353011,0.131554,-174.227,0.584,4,8 1 4 7,7.5648,0.002878,0,0
1787862044.684,341,1.142055,0.354607,0.131051,-174.280,0.604,4,8 1 4 7,7.4874,0.002849,0,0
1787862044.722,342,1.140310,0.354973,0.130946,-174.348,0.612,4,8 1 4 7,7.4786,0.002846,0,0
1787862044.760,343,1.148096,0.353990,0.131891,-174.401,0.567,4,8 4 7 1,7.4937,0.002850,0,0
1787862044.796,344,1.146427,0.354827,0.131759,-174.471,0.580,4,8 7 4 1,7.5357,0.002866,0,0
1787862044.832,345,1.152028,0.355537,0.131928,-174.533,0.579,4,8 4 1 7,7.4996,0.002852,0,0
1787862044.871,346,1.150552,0.357166,0.131358,-174.591,0.612,4,8 1 7 4,7.4540,0.002836,0,0
1787862044.913,347,1.152874,0.356709,0.131681,-174.648,0.587,4,8 4 7 1,7.4183,0.002822,0,0
1787862044.952,348,1.049503,0.315406,0.141204,-174.835,2.651,5,8 1 4 7 5,9.8621,0.003342,0,0
1787862044.991,349,1.061986,0.320789,0.139649,-174.878,2.388,5,8 5 1 4 7,8.8321,0.002995,0,0
1787862045.027,350,1.062912,0.321265,0.139719,-174.943,2.414,5,8 5 4 1 7,8.8363,0.002996,0,0
1787862045.071,351,1.065567,0.322530,0.139220,-175.001,2.397,5,5 8 4 1 7,8.8287,0.002994,0,0
1787862045.109,352,1.067341,0.321660,0.139840,-175.059,2.423,5,8 5 4 1 7,8.8348,0.002995,0,0
1787862045.150,353,1.072777,0.324458,0.138837,-175.114,2.352,5,8 5 7 1 4,8.7605,0.002972,0,0
1787862045.190,354,1.074432,0.325748,0.138733,-175.176,2.386,5,8 5 1 4 7,8.7548,0.002970,0,0
1787862045.227,355,1.078139,0.326783,0.138279,-175.234,2.366,5,8 5 1 4 7,8.7174,0.002958,0,0
1787862045.269,356,1.075424,0.326562,0.138038,-175.286,2.500,5,8 5 4 1 7,8.8636,0.003007,0,0
1787862045.308,357,1.081876,0.328260,0.137922,-175.349,2.421,5,8 5 1 4 7,8.7881,0.002982,0,0
1787862045.349,358,1.085828,0.328082,0.138086,-175.396,2.394,5,8 5 4 1 7,8.7481,0.002968,0,0
1787862045.387,359,1.089410,0.330546,0.137360,-175.454,2.366,5,8 5 4 1 7,8.7957,0.002985,0,0
1787862045.425,360,1.089590,0.330368,0.137823,-175.510,2.418,5,8 5 4 7 1,8.8443,0.003001,0,0
1787862045.467,361,1.094193,0.330595,0.137473,-175.570,2.369,5,8 5 1 4 7,8.7626,0.002974,0,0
1787862045.507,362,1.095468,0.331352,0.137254,-175.621,2.389,5,8 5 4 7 1,8.8603,0.003007,0,0
1787862045.547,363,1.094833,0.332230,0.137007,-175.684,2.456,5,8 5 1 4 7,8.8806,0.003015,0,0
1787862045.591,364,1.098492,0.334008,0.136689,-175.729,2.427,5,8 5 1 4 7,8.9130,0.003026,0,0
1787862045.634,365,1.102468,0.334010,0.137245,-175.784,2.398,5,8 5 1 7 4,8.9081,0.003024,0,0
1787862045.675,366,1.104030,0.333652,0.136893,-175.848,2.426,5,8 5 4 7 1,8.8078,0.002990,0,0
1787862045.718,367,1.106552,0.334792,0.135982,-175.898,2.426,5,8 5 4 7 1,8.8496,0.003005,0,0
1787862045.757,368,1.164953,0.361409,0.128375,-176.030,1.198,6,8 5 7 1 4 3,9.9358,0.003090,0,0
1787862045.795,369,1.172800,0.364741,0.127504,-176.075,1.113,6,8 5 1 3 7 4,9.2378,0.002874,0,0
1787862045.834,370,1.173850,0.364268,0.128212,-176.121,1.136,6,8 5 3 1 7 4,9.1325,0.002841,0,0
1787862045.871,371,1.174348,0.364334,0.128139,-176.174,1.165,6,8 5 3 4 1 7,9.2254,0.002869,0,0
1787862045.911,372,1.177397,0.364160,0.128576,-176.221,1.145,6,8 5 4 3 7 1,9.1531,0.002846,0,0
1787862045.949,373,1.179177,0.365350,0.128222,-176.273,1.151,6,5 8 3 4 7 1,9.0960,0.002829,0,0
1787862045.988,374,1.179435,0.365674,0.127713,-176.324,1.178,6,5 8 3 4 7 1,9.1824,0.002857,0,0
1787862046.027,375,1.181569,0.365725,0.127765,-176.369,1.166,6,8 5 3 4 1 7,9.1218,0.002838,0,0
1787862046.064,376,1.182059,0.365513,0.128105,-176.420,1.177,6,8 5 3 4 7 1,9.1912,0.002859,0,0
1787862046.103,377,1.185233,0.365273,0.128336,-176.480,1.138,6,8 5 3 1 4 7,9.1059,0.002832,0,0
1787862046.141,378,1.183304,0.365676,0.128361,-176.514,1.232,6,8 5 3 1 7 4,9.2022,0.002862,0,0
1787862046.182,379,1.185989,0.368558,0.126011,-176.564,1.265,6,8 5 3 4 7 1,9.4815,0.002952,0,0
1787862046.220,380,1.187331,0.368686,0.126026,-176.609,1.281,6,8 5 4 3 7 1,9.5320,0.002967,0,0
1787862046.258,381,1.189552,0.367005,0.127629,-176.650,1.267,6,8 5 4 3 7 1,9.2864,0.002889,0,0
1787862046.297,382,1.192842,0.367930,0.127740,-176.697,1.265,6,8 5 3 4 1 7,9.1857,0.002858,0,0
1787862046.334,383,1.190990,0.369612,0.127110,-176.729,1.364,6,8 5 4 7 1 3,9.5314,0.002966,0,0
1787862046.376,384,1.197361,0.368068,0.127570,-176.773,1.281,6,8 5 3 1 4 7,9.2925,0.002891,0,0
1787862046.414,385,1.200006,0.367724,0.128168,-176.821,1.280,6,8 5 3 1 4 7,9.1317,0.002840,0,0
1787862046.456,386,1.201894,0.368758,0.128319,-176.864,1.299,6,8 5 3 4 7 1,8.9846,0.002794,0,0
1787862046.496,387,1.205196,0.368253,0.128344,-176.897,1.279,6,5 8 3 7 4 1,8.9132,0.002772,0,0
1787862046.533,388,1.203578,0.370541,0.126891,-176.937,1.375,6,8 5 4 7 1 3,9.2504,0.002879,0,0
1787862046.573,389,1.206052,0.370924,0.126927,-176.979,1.355,6,8 5 4 3 1 7,9.1919,0.002861,0,0
1787862046.614,390,1.208187,0.370944,0.127195,-177.012,1.339,6,8 5 3 7 4 1,9.1619,0.002851,0,0
1787862046.652,391,1.210530,0.369934,0.128113,-177.055,1.316,6,8 5 3 7 1 4,8.9237,0.002776,0,0
1787862046.692,392,1.210755,0.370815,0.127792,-177.085,1.347,6,8 5 3 7 4 1,9.1147,0.002835,0,0
1787862046.729,393,1.213241,0.371821,0.127324,-177.122,1.340,6,8 5 3 4 1 7,9.0857,0.002827,0,0
1787862046.770,394,1.214194,0.372177,0.126776,-177.159,1.354,6,8 5 3 7 4 1,9.1861,0.002859,0,0
1787862046.810,395,1.215448,0.372344,0.126829,-177.196,1.360,6,8 5 3 7 4 1,9.1903,0.002860,0,0
1787862046.850,396,1.217109,0.371435,0.128085,-177.226,1.353,6,8 5 3 4 7 1,8.9922,0.002797,0,0
1787862046.904,397,1.219344,0.373216,0.127350,-177.262,1.368,6,8 5 3 4 7 1,9.0531,0.002817,0,0
1787862046.948,398,1.220952,0.372465,0.127791,-177.296,1.371,6,8 5 3 1 4 7,9.0281,0.002809,0,0
1787862046.991,399,1.221939,0.374340,0.126708,-177.329,1.404,6,8 5 3 4 7 1,9.2693,0.002885,0,0
1787862047.032,400,1.224751,0.372241,0.127920,-177.361,1.369,6,8 5 3 7 1 4,8.9882,0.002796,0,0
1787862047.075,401,1.226621,0.373600,0.127310,-177.395,1.386,6,8 5 3 7 4 1,9.0445,0.002814,0,0
1787862047.119,402,1.225390,0.373668,0.127341,-177.420,1.453,6,8 5 4 3 7 1,9.1493,0.002847,0,0
1787862047.157,403,1.229244,0.374155,0.127250,-177.449,1.413,6,8 5 4 3 7 1,9.0723,0.002823,0,0
1787862047.198,404,1.230934,0.374766,0.126792,-177.479,1.429,6,8 5 3 4 7 1,9.2597,0.002882,0,0
1787862047.240,405,1.233239,0.374758,0.126882,-177.514,1.415,6,8 5 3 7 4 1,9.1525,0.002848,0,0
1787862047.280,406,1.233953,0.375104,0.127087,-177.544,1.441,6,8 5 4 3 7 1,9.1243,0.002839,0,0
1787862047.317,407,1.236606,0.375422,0.126940,-177.578,1.431,6,8 5 3 4 7 1,9.0613,0.002820,0,0
1787862047.362,408,1.237879,0.375601,0.127078,-177.598,1.447,6,8 5 4 3 7 1,9.1355,0.002843,0,0
1787862047.402,409,1.239334,0.376286,0.126930,-177.627,1.465,6,8 5 3 4 7 1,9.0941,0.002830,0,0
1787862047.441,410,1.240635,0.376401,0.126900,-177.652,1.482,6,8 5 3 7 4 1,9.0975,0.002831,0,0
1787862047.479,411,1.242314,0.377107,0.126203,-177.683,1.494,6,8 5 3 7 1 4,9.2150,0.002869,0,0
1787862047.519,412,1.245214,0.376166,0.127030,-177.716,1.465,6,8 5 4 3 7 1,9.0200,0.002807,0,0
1787862047.558,413,1.246547,0.376536,0.126850,-177.733,1.475,6,8 5 3 4 7 1,8.9905,0.002798,0,0
1787862047.605,414,1.247205,0.376897,0.126801,-177.760,1.481,6,8 5 3 4 7 1,8.9473,0.002785,0,0
1787862047.645,415,1.247703,0.376984,0.126693,-177.785,1.478,6,8 5 3 4 7 1,9.0519,0.002817,0,0
1787862047.686,416,1.246638,0.377254,0.127038,-177.807,1.509,6,8 5 4 3 7 1,9.0696,0.002822,0,0
1787862047.726,417,1.246530,0.376367,0.127358,-177.831,1.515,6,8 5 4 3 7 1,9.0728,0.002823,0,0
1787862047.767,418,1.249323,0.376001,0.127583,-177.858,1.467,6,8 5 4 3 7 1,8.9412,0.002782,0,0
1787862047.807,419,1.249632,0.377861,0.126679,-177.874,1.493,6,8 5 3 4 7 1,9.0664,0.002822,0,0
1787862047.847,420,1.249549,0.378248,0.126448,-177.895,1.516,6,8 5 3 4 7 1,9.0937,0.002831,0,0
1787862047.887,421,1.249887,0.376891,0.127022,-177.926,1.507,6,8 5 4 3 7 1,8.9469,0.002784,0,0
1787862047.925,422,1.250215,0.377316,0.127066,-177.946,1.511,6,8 5 4 3 7 1,9.0241,0.002808,0,0
1787862047.969,423,1.250737,0.377402,0.126924,-177.964,1.512,6,8 5 7 4 3 1,8.9804,0.002795,0,0
1787862048.009,424,1.251618,0.377322,0.126945,-177.985,1.497,6,8 5 4 7 3 1,8.9738,0.002793,0,0
1787862048.055,425,1.251875,0.377554,0.126985,-178.007,1.498,6,8 5 7 3 4 1,9.0212,0.002807,0,0
1787862048.095,426,1.251640,0.377639,0.127060,-178.032,1.506,6,8 5 3 4 7 1,8.9465,0.002784,0,0
1787862048.136,427,1.251465,0.377437,0.127054,-178.053,1.515,6,8 5 3 4 7 1,9.0020,0.002801,0,0
1787862048.174,428,1.251956,0.376964,0.127143,-178.070,1.509,6,8 5 4 3 1 7,8.9719,0.002792,0,0
1787862048.215,429,1.252138,0.377647,0.126713,-178.093,1.519,6,8 5 4 3 7 1,8.9790,0.002795,0,0
1787862048.258,430,1.252090,0.378200,0.126677,-178.116,1.537,6,8 5 3 7 4 1,8.9329,0.002780,0,0
1787862048.302,431,1.252658,0.377483,0.126890,-178.134,1.531,6,8 5 3 4 7 1,9.0025,0.002802,0,0
1787862048.339,432,1.254447,0.378018,0.126587,-178.154,1.504,6,8 5 3 4 7 1,8.9794,0.002795,0,0
1787862048.381,433,1.254014,0.377759,0.126899,-178.177,1.528,6,8 5 3 4 7 1,8.9810,0.002795,0,0
1787862048.419,434,1.254241,0.377560,0.127033,-178.196,1.538,6,5 8 3 4 7 1,8.9896,0.002797,0,0
1787862048.458,435,1.255205,0.377851,0.126655,-178.211,1.538,6,8 5 4 3 7 1,9.0111,0.002805,0,0
1787862048.496,436,1.254546,0.377910,0.126738,-178.231,1.562,6,8 5 4 7 3 1,9.0222,0.002808,0,0
1787862048.535,437,1.255090,0.378494,0.126753,-178.246,1.571,6,8 5 4 3 7 1,8.9873,0.002797,0,0
1787862048.575,438,1.255645,0.379044,0.126504,-178.264,1.579,6,8 5 4 7 3 1,9.0866,0.002828,0,0
1787862048.615,439,1.256791,0.378992,0.126671,-178.276,1.570,6,5 8 4 7 3 1,9.0215,0.002808,0,0
1787862048.657,440,1.257461,0.378424,0.126609,-178.300,1.564,6,8 5 3 4 7 1,9.0736,0.002824,0,0
1787862048.694,441,1.257396,0.378504,0.127106,-178.311,1.581,6,8 5 7 3 4 1,8.9991,0.002800,0,0
1787862048.734,442,1.258868,0.379069,0.126884,-178.329,1.564,6,8 5 4 3 7 1,8.9115,0.002773,0,0
1787862048.773,443,1.258606,0.379576,0.126649,-178.343,1.588,6,8 5 4 7 3 1,8.9942,0.002799,0,0
1787862048.815,444,1.259744,0.379555,0.126394,-178.360,1.574,6,8 5 4 7 3 1,8.9562,0.002788,0,0
1787862048.857,445,1.260107,0.378899,0.126644,-178.376,1.573,6,8 5 4 7 1 3,9.0614,0.002820,0,0
1787862048.900,446,1.259928,0.378500,0.126737,-178.389,1.589,6,8 5 4 7 3 1,9.0342,0.002812,0,0
1787862048.939,447,1.259319,0.379048,0.126664,-178.404,1.620,6,8 5 3 4 7 1,9.1097,0.002835,0,0
1787862048.981,448,1.261364,0.379641,0.126336,-178.420,1.595,6,8 5 3 4 7 1,9.0009,0.002802,0,0
1787862049.019,449,1.261095,0.378870,0.126872,-178.435,1.610,6,8 5 3 7 4 1,8.9569,0.002787,0,0
1787862049.061,450,1.262412,0.379335,0.126572,-178.450,1.598,6,8 5 4 7 3 1,9.0005,0.002801,0,0
1787862049.100,451,1.263132,0.379911,0.126413,-178.462,1.601,6,8 5 4 3 7 1,8.9940,0.002800,0,0
1787862049.140,452,1.263389,0.379833,0.126613,-178.473,1.606,6,8 5 4 7 3 1,9.0022,0.002802,0,0
1787862049.178,453,1.263579,0.379790,0.126524,-178.487,1.615,6,8 5 7 3 4 1,9.0310,0.002811,0,0
1787862049.219,454,1.264326,0.379979,0.126772,-178.501,1.607,6,8 5 7 4 3 1,8.9996,0.002801,0,0
1787862049.259,455,1.263693,0.379477,0.126733,-178.510,1.630,6,8 5 7 3 4 1,8.9856,0.002797,0,0
1787862049.299,456,1.264002,0.379346,0.126686,-178.525,1.632,6,5 8 4 7 3 1,9.0115,0.002805,0,0
1787862049.338,457,1.264380,0.379223,0.126889,-178.536,1.629,6,8 5 4 7 3 1,9.0246,0.002809,0,0
1787862049.378,458,1.264652,0.379051,0.126938,-178.545,1.633,6,8 5 4 7 3 1,8.9544,0.002787,0,0
1787862049.417,459,1.265836,0.379883,0.126689,-178.551,1.626,6,8 5 4 7 3 1,8.9172,0.002775,0,0
1787862049.456,460,1.266565,0.380297,0.126448,-178.565,1.626,6,8 5 4 3 7 1,8.9848,0.002797,0,0
1787862049.497,461,1.266511,0.380099,0.126408,-178.572,1.633,6,8 5 4 7 3 1,8.9824,0.002796,0,0
1787862049.538,462,1.266766,0.380579,0.126197,-178.583,1.633,6,8 5 4 7 3 1,8.9916,0.002799,0,0
1787862049.577,463,1.266786,0.380324,0.126478,-178.595,1.634,6,8 5 4 7 3 1,8.9719,0.002793,0,0
1787862049.623,464,1.266307,0.380183,0.126425,-178.605,1.649,6,8 4 5 7 3 1,8.9858,0.002797,0,0
1787862049.666,465,1.266035,0.379949,0.126719,-178.613,1.661,6,8 5 4 7 3 1,8.9825,0.002796,0,0
1787862049.707,466,1.266292,0.379761,0.126392,-178.622,1.663,6,8 5 4 7 3 1,9.0272,0.002810,0,0
1787862049.747,467,1.266504,0.380579,0.126211,-178.627,1.673,6,8 5 7 3 4 1,8.9781,0.002795,0,0
1787862049.786,468,1.266383,0.380360,0.126501,-178.635,1.686,6,8 5 3 4 1 7,8.9553,0.002787,0,0
1787862049.828,469,1.267968,0.380463,0.126400,-178.641,1.663,6,8 5 7 3 4 1,9.0187,0.002807,0,0
1787862049.868,470,1.268453,0.380931,0.126251,-178.645,1.673,6,8 5 4 7 3 1,8.9458,0.002785,0,0
1787862049.906,471,1.268693,0.380381,0.126403,-178.657,1.669,6,8 5 4 7 3 1,8.9038,0.002771,0,0
1787862049.948,472,1.268196,0.380366,0.126595,-178.657,1.685,6,8 5 7 4 3 1,8.9063,0.002772,0,0
1787862049.988,473,1.268287,0.380557,0.126466,-178.665,1.687,6,8 5 7 4 3 1,8.9629,0.002790,0,0
1787862050.032,474,1.268145,0.380182,0.126696,-178.673,1.691,6,8 5 7 4 3 1,8.9506,0.002786,0,0
1787862050.071,475,1.267384,0.380418,0.126691,-178.678,1.713,6,8 5 7 4 3 1,8.9474,0.002785,0,0
1787862050.114,476,1.268007,0.380541,0.126635,-178.684,1.704,6,8 5 7 4 3 1,8.9356,0.002781,0,0
1787862050.153,477,1.267428,0.379866,0.126787,-178.692,1.717,6,8 5 7 4 3 1,8.8963,0.002769,0,0
1787862050.193,478,1.267481,0.380029,0.126676,-178.693,1.722,6,8 5 7 4 3 1,8.8156,0.002744,0,0
1787862050.234,479,1.267727,0.380217,0.126513,-178.703,1.721,6,8 5 4 7 3 1,8.8545,0.002756,0,0
1787862050.275,480,1.267429,0.380283,0.126463,-178.702,1.734,6,8 5 4 7 3 1,8.9394,0.002782,0,0
1787862050.317,481,1.267684,0.379763,0.126590,-178.705,1.730,6,8 5 7 4 3 1,8.8685,0.002760,0,0
1787862050.357,482,1.267168,0.380566,0.126116,-178.715,1.748,6,8 5 4 7 3 1,8.9758,0.002794,0,0
1787862050.398,483,1.267273,0.380720,0.126256,-178.710,1.752,6,8 5 7 4 1 3,8.9511,0.002786,0,0
1787862050.436,484,1.270748,0.380850,0.126664,-178.717,1.673,6,8 5 4 3 7 1,8.9782,0.002794,0,0
1787862050.474,485,1.758195,0.393525,0.257797,-178.243,10.673,2,7 4,6.5478,0.003335,0,0
1787862050.511,486,,,,,,0,,,,,
1787862050.544,487,1.350178,0.231756,0.133976,-178.496,2.860,2,8 5,6.0462,0.003249,0,0
1787862050.581,488,1.265070,0.385801,0.121730,-178.737,1.599,6,4 7 8 1 5 3,9.9693,0.003109,0,0
1787862050.616,489,1.267800,0.380970,0.130090,-178.676,1.517,6,8 4 7 5 1 3,7.9860,0.002482,0,0
1787862050.656,490,1.271158,0.379393,0.128718,-178.724,1.500,6,8 4 5 7 1 3,9.3526,0.002908,0,0
1787862050.693,491,1.268905,0.384137,0.124031,-178.727,1.581,6,5 8 4 7 3 1,9.7800,0.003047,0,0
1787862050.731,492,1.267506,0.382800,0.125379,-178.719,1.581,6,5 8 4 7 3 1,9.4173,0.002933,0,0
1787862050.771,493,1.268171,0.380747,0.127617,-178.722,1.563,6,8 5 4 7 3 1,8.7922,0.002735,0,0
1787862050.812,494,1.269178,0.380641,0.127713,-178.728,1.567,6,8 5 4 7 3 1,8.7892,0.002734,0,0
1787862050.852,495,1.268043,0.381324,0.126650,-178.727,1.611,6,8 5 3 4 7 1,9.0910,0.002829,0,0
1787862050.891,496,1.267263,0.381421,0.126429,-178.726,1.631,6,8 5 3 4 7 1,9.0970,0.002832,0,0
1787862050.933,497,1.268163,0.380898,0.126960,-178.728,1.616,6,8 5 4 7 3 1,8.9501,0.002785,0,0
1787862050.973,498,1.268192,0.380554,0.127132,-178.728,1.626,6,8 3 5 4 7 1,8.9097,0.002772,0,0
1787862051.012,499,1.267833,0.380966,0.126888,-178.726,1.649,6,8 5 3 4 7 1,8.9783,0.002794,0,0
1787862051.052,500,1.267999,0.381019,0.126892,-178.727,1.654,6,8 5 3 7 4 1,8.9995,0.002801,0,0
1787862051.090,501,1.267775,0.381055,0.126814,-178.729,1.667,6,8 5 3 7 4 1,8.9479,0.002785,0,0
1787862051.133,502,1.266875,0.380398,0.127101,-178.730,1.689,6,8 5 7 4 3 1,8.9350,0.002780,0,0
1787862051.172,503,1.267806,0.380243,0.127082,-178.724,1.679,6,8 5 7 3 4 1,8.8914,0.002767,0,0
1787862051.214,504,1.267167,0.380591,0.126983,-178.726,1.703,6,8 5 7 3 4 1,8.8691,0.002760,0,0
1787862051.254,505,1.267937,0.380787,0.126901,-178.723,1.695,6,8 5 4 7 3 1,8.9386,0.002782,0,0
1787862051.293,506,1.267691,0.380476,0.126875,-178.721,1.706,6,8 5 4 7 3 1,8.9390,0.002782,0,0
1787862051.335,507,1.266795,0.381111,0.126858,-178.723,1.736,6,8 5 7 4 3 1,8.9326,0.002780,0,0
1787862051.374,508,1.267197,0.381134,0.126783,-178.724,1.733,6,8 5 7 4 3 1,8.8728,0.002761,0,0
1787862051.413,509,1.266818,0.380508,0.126966,-178.724,1.742,6,8 5 7 4 3 1,8.9246,0.002777,0,0
1787862051.454,510,1.267125,0.380628,0.126735,-178.722,1.741,6,5 8 4 7 3 1,8.9389,0.002782,0,0
1787862051.494,511,1.266606,0.380280,0.126880,-178.726,1.755,6,8 5 7 4 3 1,8.9317,0.002780,0,0
1787862051.536,512,1.267050,0.380778,0.126821,-178.725,1.753,6,8 5 4 7 3 1,8.8892,0.002766,0,0
1787862051.579,513,1.266760,0.380435,0.126911,-178.727,1.762,6,5 8 7 4 3 1,8.9216,0.002776,0,0
1787862051.619,514,1.266340,0.380738,0.126784,-178.727,1.777,6,8 7 5 4 3 1,8.9292,0.002779,0,0
1787862051.660,515,1.266326,0.380700,0.126787,-178.725,1.781,6,8 4 5 7 3 1,8.8846,0.002765,0,0
1787862051.702,516,1.266880,0.380844,0.126857,-178.723,1.772,6,8 4 5 7 3 1,8.9125,0.002774,0,0
1787862051.750,517,1.265670,0.380352,0.126916,-178.727,1.797,6,8 5 4 7 1 3,8.9259,0.002778,0,0
1787862051.790,518,1.266322,0.380381,0.126942,-178.725,1.787,6,8 4 5 7 3 1,8.9161,0.002775,0,0
1787862051.832,519,1.266741,0.380752,0.126882,-178.726,1.784,6,8 5 4 7 3 1,8.9160,0.002775,0,0
1787862051.873,520,1.266692,0.380530,0.126907,-178.723,1.785,6,8 5 4 7 3 1,8.9016,0.002770,0,0
1787862051.915,521,1.266169,0.380730,0.126711,-178.724,1.801,6,8 4 5 7 3 1,8.9798,0.002795,0,0
1787862051.959,522,1.266768,0.380338,0.126872,-178.726,1.787,6,8 4 7 5 3 1,8.9386,0.002782,0,0
1787862051.999,523,1.265862,0.379985,0.126969,-178.726,1.810,6,8 4 7 5 1 3,8.9294,0.002779,0,0
1787862052.043,524,1.266237,0.380021,0.126995,-178.727,1.802,6,8 4 5 7 3 1,8.9528,0.002786,0,0
1787862052.089,525,1.266440,0.380010,0.127123,-178.724,1.800,6,5 8 7 4 3 1,8.9280,0.002778,0,0
1787862052.128,526,1.266623,0.380152,0.126908,-178.725,1.799,6,8 5 7 4 3 1,8.9386,0.002782,0,0
1787862052.169,527,1.266851,0.380830,0.126689,-178.723,1.798,6,8 4 5 7 3 1,8.9782,0.002794,0,0
1787862052.210,528,1.266794,0.380310,0.126907,-178.725,1.798,6,5 8 4 7 3 1,8.9936,0.002799,0,0
1787862052.250,529,1.265361,0.380001,0.127097,-178.725,1.829,6,8 4 5 7 3 1,8.8963,0.002768,0,0
1787862052.291,530,1.265886,0.379636,0.127174,-178.725,1.816,6,8 5 4 7 3 1,8.9420,0.002782,0,0
1787862052.333,531,1.266027,0.380283,0.127065,-178.724,1.818,6,8 5 7 4 3 1,8.8836,0.002764,0,0
1787862052.374,532,1.266398,0.380177,0.126920,-178.719,1.809,6,8 4 5 7 3 1,8.9611,0.002789,0,0
1787862052.416,533,1.265929,0.379822,0.127182,-178.717,1.818,6,8 5 7 4 3 1,8.9220,0.002776,0,0
1787862052.458,534,1.266108,0.380015,0.126954,-178.720,1.814,6,8 4 5 7 3 1,8.9557,0.002787,0,0
1787862052.501,535,1.266503,0.379655,0.127084,-178.718,1.802,6,8 4 5 7 3 1,8.9101,0.002773,0,0
1787862052.543,536,1.266808,0.380123,0.127067,-178.717,1.800,6,8 5 7 4 1 3,8.9063,0.002771,0,0
1787862052.583,537,1.267877,0.380210,0.126829,-178.721,1.762,6,8 4 5 7 3 1,8.8955,0.002768,0,0
1787862052.622,538,1.266987,0.379977,0.126924,-178.724,1.779,6,8 5 7 4 1 3,8.9471,0.002784,0,0
1787862052.666,539,1.267053,0.380399,0.126847,-178.718,1.780,6,8 4 7 5 3 1,8.9417,0.002783,0,0
1787862052.708,540,1.267289,0.380526,0.126763,-178.721,1.776,6,8 4 7 5 1 3,9.0013,0.002801,0,0
1787862052.755,541,1.266486,0.379890,0.126975,-178.723,1.788,6,8 5 7 4 1 3,8.9247,0.002777,0,0
1787862052.798,542,1.266407,0.380303,0.126933,-178.722,1.793,6,8 5 7 4 3 1,8.9548,0.002787,0,0
1787862052.838,543,1.266289,0.380365,0.127110,-178.723,1.797,6,8 4 5 7 3 1,8.9492,0.002785,0,0
1787862052.880,544,1.266578,0.380093,0.127030,-178.719,1.789,6,8 4 5 7 3 1,8.9404,0.002782,0,0
1787862052.922,545,1.266955,0.380372,0.126928,-178.722,1.783,6,8 4 5 7 3 1,8.9348,0.002781,0,0
1787862052.964,546,1.266430,0.380599,0.126948,-178.722,1.797,6,8 4 5 7 3 1,8.9518,0.002786,0,0
1787862053.004,547,1.266699,0.380967,0.126800,-178.721,1.793,6,8 4 5 7 3 1,8.9429,0.002783,0,0
1787862053.045,548,1.266384,0.380297,0.127108,-178.720,1.797,6,8 4 5 7 3 1,8.9152,0.002774,0,0
1787862053.088,549,1.266299,0.380886,0.126827,-178.719,1.802,6,8 7 5 4 3 1,8.9559,0.002787,0,0
1787862053.130,550,1.267098,0.380135,0.127002,-178.717,1.779,6,8 4 5 7 3 1,8.8491,0.002754,0,0
1787862053.169,551,1.266889,0.380226,0.126986,-178.720,1.784,6,8 5 7 4 3 1,8.9782,0.002794,0,0
1787862053.211,552,1.266222,0.380090,0.127099,-178.719,1.799,6,8 5 4 7 3 1,8.9348,0.002780,0,0
1787862053.251,553,1.266535,0.380130,0.126941,-178.719,1.792,6,8 4 5 7 3 1,8.9401,0.002782,0,0
1787862053.293,554,1.267378,0.380561,0.126904,-178.721,1.776,6,8 5 7 4 3 1,8.9522,0.002786,0,0
1787862053.335,555,1.267076,0.380316,0.126907,-178.718,1.781,6,8 7 5 4 3 1,8.9363,0.002781,0,0
1787862053.374,556,1.267189,0.380283,0.126941,-178.722,1.779,6,8 5 7 4 3 1,8.9124,0.002774,0,0
1787862053.415,557,1.266857,0.380996,0.126814,-178.721,1.791,6,8 5 7 4 3 1,8.9530,0.002786,0,0
1787862053.458,558,1.266688,0.380266,0.127036,-178.716,1.791,6,8 7 4 5 3 1,8.9113,0.002773,0,0
1787862053.499,559,1.267093,0.380363,0.127094,-178.718,1.782,6,8 4 5 7 3 1,8.8693,0.002760,0,0
1787862053.540,560,1.267483,0.380416,0.126916,-178.720,1.773,6,8 4 7 5 3 1,8.9476,0.002785,0,0
1787862053.579,561,1.267112,0.379784,0.127123,-178.720,1.779,6,8 7 4 5 3 1,8.9137,0.002774,0,0
1787862053.620,562,1.267252,0.380034,0.127106,-178.722,1.777,6,8 7 4 5 3 1,8.9126,0.002773,0,0
1787862053.668,563,1.266623,0.380039,0.127031,-178.723,1.791,6,8 7 4 5 3 1,8.9674,0.002791,0,0
1787862053.716,564,1.266599,0.380111,0.127088,-178.718,1.792,6,8 7 5 4 3 1,8.9302,0.002779,0,0
1787862053.758,565,1.267087,0.380338,0.127069,-178.724,1.782,6,8 4 7 5 1 3,8.9136,0.002774,0,0
1787862053.798,566,1.267007,0.380083,0.127059,-178.722,1.783,6,8 5 7 4 3 1,8.9797,0.002794,0,0
1787862053.840,567,1.267545,0.380249,0.127069,-178.719,1.772,6,8 4 5 7 3 1,8.9550,0.002787,0,0
1787862053.884,568,1.266491,0.380228,0.127040,-178.718,1.795,6,8 7 4 5 3 1,8.9829,0.002795,0,0
1787862053.927,569,1.266903,0.380595,0.126974,-178.721,1.788,6,8 4 5 7 3 1,8.9461,0.002784,0,0
1787862053.971,570,1.266649,0.380699,0.126881,-178.717,1.794,6,8 4 7 5 3 1,8.9117,0.002773,0,0
1787862054.013,571,1.267469,0.380332,0.127019,-178.719,1.775,6,8 4 5 7 3 1,8.8621,0.002758,0,0
1787862054.055,572,1.266282,0.380558,0.126985,-178.721,1.802,6,8 4 7 5 3 1,8.9477,0.002784,0,0
1787862054.101,573,1.266523,0.380237,0.127056,-178.719,1.796,6,8 4 7 5 3 1,8.9708,0.002792,0,0
1787862054.144,574,1.267005,0.380216,0.127014,-178.724,1.784,6,8 4 5 7 3 1,8.9560,0.002787,0,0
1787862054.184,575,1.266935,0.380031,0.127033,-178.719,1.785,6,8 4 7 5 3 1,8.9420,0.002783,0,0
1787862054.228,576,1.266911,0.380141,0.126957,-178.720,1.786,6,8 4 7 5 3 1,8.9574,0.002788,0,0
1787862054.268,577,1.266482,0.379980,0.127001,-178.720,1.796,6,8 7 4 5 3 1,8.9692,0.002791,0,0
1787862054.312,578,1.267024,0.379977,0.126971,-178.720,1.783,6,8 4 5 7 3 1,8.9265,0.002778,0,0
1787862054.352,579,1.266331,0.380226,0.127004,-178.718,1.800,6,8 5 4 7 3 1,8.9632,0.002789,0,0
1787862054.391,580,1.267077,0.380096,0.127089,-178.720,1.783,6,8 4 7 5 3 1,8.9121,0.002773,0,0
1787862054.432,581,1.266972,0.379966,0.127105,-178.721,1.784,6,8 5 4 7 3 1,8.9116,0.002773,0,0
1787862054.480,582,1.266840,0.380004,0.127098,-178.723,1.787,6,8 5 7 4 3 1,8.8483,0.002753,0,0
1787862054.522,583,1.266839,0.380346,0.126966,-178.721,1.788,6,8 4 7 5 3 1,8.9195,0.002776,0,0
1787862054.563,584,1.266819,0.380619,0.126996,-178.720,1.791,6,8 4 7 5 3 1,8.8899,0.002766,0,0
1787862054.612,585,1.266802,0.380264,0.127021,-178.720,1.789,6,8 4 5 7 3 1,8.9425,0.002783,0,0
1787862054.652,586,1.267104,0.380708,0.126838,-178.721,1.785,6,8 4 5 7 3 1,8.9597,0.002788,0,0
1787862054.696,587,1.266689,0.380369,0.127121,-178.720,1.792,6,8 7 5 4 3 1,8.9538,0.002786,0,0
1787862054.738,588,1.266815,0.380409,0.126976,-178.721,1.789,6,8 4 7 5 3 1,8.9815,0.002795,0,0
1787862054.780,589,1.266964,0.380188,0.126997,-178.722,1.784,6,8 4 7 5 3 1,8.9453,0.002784,0,0
1787862054.819,590,1.267197,0.380426,0.126926,-178.723,1.780,6,8 4 7 5 3 1,8.9711,0.002792,0,0
1787862054.859,591,1.266980,0.380316,0.127012,-178.723,1.784,6,8 4 7 5 1 3,8.9511,0.002785,0,0
1787862054.900,592,1.267058,0.380315,0.126925,-178.720,1.781,6,8 4 7 5 1 3,8.9477,0.002785,0,0
1787862054.945,593,1.266718,0.380179,0.127078,-178.721,1.786,6,8 5 4 7 3 1,8.9156,0.002774,0,0
1787862054.984,594,1.266809,0.380146,0.127000,-178.722,1.788,6,8 5 7 4 3 1,8.9688,0.002791,0,0
1787862055.025,595,1.266631,0.380382,0.126987,-178.724,1.791,6,8 4 5 7 3 1,8.9511,0.002786,0,0
1787862055.065,596,1.267030,0.380583,0.126751,-178.721,1.785,6,8 4 7 5 3 1,8.9017,0.002770,0,0
1787862055.108,597,1.266675,0.380394,0.126887,-178.722,1.791,6,8 4 5 7 3 1,8.9249,0.002777,0,0
1787862055.150,598,1.266516,0.380330,0.127019,-178.722,1.794,6,8 4 5 7 3 1,8.8873,0.002766,0,0
1787862055.193,599,1.266465,0.380113,0.126862,-178.721,1.794,6,8 5 4 7 3 1,8.9523,0.002786,0,0
1787862055.235,600,1.267465,0.380891,0.126621,-178.720,1.777,6,8 7 5 4 3 1,8.9271,0.002778,0,0
1787862055.278,601,1.267280,0.380581,0.126895,-178.718,1.778,6,8 4 5 7 3 1,8.8672,0.002760,0,0
1787862055.321,602,1.266830,0.380587,0.126801,-178.721,1.788,6,8 5 4 7 3 1,8.9119,0.002774,0,0
1787862055.367,603,1.266573,0.380557,0.126788,-178.724,1.792,6,8 5 4 7 3 1,8.9360,0.002781,0,0
1787862055.408,604,1.266580,0.380440,0.126874,-178.728,1.789,6,8 5 4 7 3 1,8.9141,0.002774,0,0
1787862055.449,605,1.266851,0.380713,0.126777,-178.721,1.783,6,8 5 7 4 3 1,8.9185,0.002776,0,0
1787862055.495,606,1.267431,0.380349,0.127058,-178.723,1.765,6,8 5 7 4 3 1,8.8976,0.002769,0,0
1787862055.537,607,1.267937,0.380785,0.126754,-178.723,1.759,6,8 5 4 7 3 1,8.9087,0.002773,0,0
1787862055.585,608,1.266127,0.381764,0.126304,-178.725,1.802,6,8 5 4 7 3 1,9.0206,0.002808,0,0
1787862055.628,609,1.266523,0.381110,0.126618,-178.725,1.784,6,8 5 4 3 7 1,8.9560,0.002787,0,0
1787862055.670,610,1.268714,0.381389,0.126470,-178.727,1.740,6,8 5 4 7 3 1,8.8428,0.002752,0,0
1787862055.709,611,1.268241,0.381413,0.126410,-178.723,1.751,6,8 4 5 7 3 1,9.0074,0.002804,0,0
1787862055.748,612,1.267533,0.381365,0.126433,-178.730,1.758,6,8 5 7 4 3 1,8.9888,0.002798,0,0
1787862055.788,613,1.267898,0.381486,0.126477,-178.727,1.750,6,8 5 7 4 3 1,8.9013,0.002771,0,0
1787862055.829,614,1.267158,0.380902,0.126670,-178.725,1.760,6,8 5 4 7 3 1,8.9902,0.002798,0,0
1787862055.871,615,1.267539,0.381367,0.126481,-178.726,1.754,6,8 5 4 7 3 1,8.9750,0.002794,0,0
1787862055.910,616,1.267716,0.380815,0.126609,-178.726,1.743,6,8 4 5 7 3 1,8.8835,0.002765,0,0
1787862055.950,617,1.266534,0.380792,0.126751,-178.729,1.766,6,8 5 4 7 3 1,8.8937,0.002768,0,0
1787862055.989,618,1.267122,0.381390,0.126367,-178.728,1.759,6,5 8 4 3 7 1,8.9609,0.002789,0,0
1787862056.032,619,1.267852,0.381362,0.126386,-178.726,1.738,6,8 5 3 4 7 1,8.8875,0.002766,0,0
1787862056.074,620,1.267043,0.381078,0.126313,-178.726,1.752,6,8 5 4 3 7 1,8.9667,0.002791,0,0
1787862056.121,621,1.268102,0.381339,0.126208,-178.726,1.730,6,8 5 4 7 3 1,8.9446,0.002784,0,0
1787862056.166,622,1.268425,0.381723,0.126366,-178.726,1.723,6,8 5 4 3 7 1,8.9205,0.002777,0,0
1787862056.207,623,1.267871,0.381717,0.126300,-178.727,1.733,6,8 5 7 4 3 1,8.9469,0.002785,0,0
1787862056.244,624,1.267578,0.381892,0.126204,-178.726,1.738,6,8 5 3 4 7 1,8.9197,0.002777,0,0
1787862056.285,625,1.267923,0.381726,0.126230,-178.727,1.727,6,8 3 5 4 7 1,8.9624,0.002790,0,0
1787862056.324,626,1.267984,0.381998,0.126251,-178.727,1.727,6,8 4 5 3 7 1,8.8930,0.002768,0,0
1787862056.364,627,1.268261,0.381639,0.126375,-178.726,1.717,6,8 5 4 3 1 7,8.9300,0.002780,0,0
1787862056.404,628,1.268770,0.381840,0.126177,-178.730,1.705,6,8 5 4 3 7 1,8.9396,0.002783,0,0
1787862056.444,629,1.268496,0.381262,0.126253,-178.729,1.707,6,8 5 4 7 3 1,8.9536,0.002787,0,0
1787862056.485,630,1.267081,0.381634,0.126210,-178.728,1.739,6,5 8 4 7 3 1,8.9086,0.002773,0,0
1787862056.524,631,1.268609,0.381700,0.126279,-178.728,1.705,6,8 3 5 4 7 1,8.9416,0.002783,0,0
1787862056.564,632,1.268645,0.381446,0.126564,-178.726,1.702,6,8 5 4 7 1 3,8.9126,0.002774,0,0
1787862056.605,633,1.268208,0.381533,0.126479,-178.728,1.712,6,8 5 4 3 7 1,8.8878,0.002766,0,0
1787862056.644,634,1.267989,0.381827,0.126291,-178.728,1.718,6,8 5 4 3 7 1,8.9408,0.002783,0,0
1787862056.686,635,1.269067,0.382167,0.126231,-178.729,1.697,6,8 5 4 7 3 1,8.8854,0.002766,0,0
1787862056.728,636,1.269424,0.381869,0.126305,-178.725,1.687,6,8 5 4 3 7 1,8.8993,0.002770,0,0
1787862056.772,637,1.268313,0.381928,0.126380,-178.731,1.712,6,8 5 4 7 3 1,8.9161,0.002775,0,0
1787862056.817,638,1.268165,0.381691,0.126449,-178.727,1.712,6,8 5 4 3 7 1,8.9235,0.002778,0,0
1787862056.858,639,1.268248,0.382139,0.126290,-178.725,1.716,6,8 5 4 7 3 1,8.9159,0.002775,0,0
1787862056.899,640,1.268192,0.382134,0.126248,-178.728,1.716,6,8 5 4 7 3 1,8.9448,0.002784,0,0
1787862056.939,641,1.267896,0.382453,0.126157,-178.728,1.727,6,8 5 4 3 7 1,8.9967,0.002801,0,0
1787862056.981,642,1.268355,0.382302,0.126253,-178.727,1.714,6,8 5 4 7 3 1,8.8989,0.002770,0,0
1787862057.020,643,1.267607,0.381936,0.126360,-178.728,1.727,6,8 5 4 3 7 1,8.9332,0.002781,0,0
1787862057.060,644,1.268605,0.382141,0.126185,-178.726,1.710,6,8 5 4 3 7 1,9.0038,0.002803,0,0
1787862057.103,645,1.268377,0.382464,0.126061,-178.727,1.718,6,8 5 3 4 1 7,8.9522,0.002787,0,0
1787862057.144,646,1.268414,0.382223,0.125971,-178.725,1.716,6,8 5 4 3 7 1,8.9094,0.002774,0,0
1787862057.183,647,1.267833,0.381559,0.126380,-178.726,1.725,6,8 5 4 3 1 7,8.8962,0.002769,0,0
1787862057.226,648,1.267939,0.381503,0.126406,-178.725,1.723,6,5 8 4 7 3 1,8.8998,0.002770,0,0
1787862057.267,649,1.267965,0.381852,0.126237,-178.722,1.726,6,8 5 4 3 7 1,8.9465,0.002785,0,0
1787862057.308,650,1.267501,0.381581,0.126301,-178.726,1.734,6,8 5 4 3 7 1,8.9610,0.002789,0,0
1787862057.348,651,1.268025,0.381953,0.126254,-178.725,1.727,6,8 5 4 3 7 1,8.9566,0.002788,0,0
1787862057.387,652,1.268136,0.382083,0.126147,-178.722,1.728,6,8 5 4 7 3 1,8.9038,0.002772,0,0
1787862057.432,653,1.266458,0.381705,0.126361,-178.724,1.761,6,8 4 5 7 3 1,8.9061,0.002772,0,0
1787862057.470,654,1.266647,0.380990,0.126446,-178.724,1.751,6,8 4 5 7 3 1,8.9540,0.002787,0,0
1787862057.514,655,1.265428,0.382476,0.125301,-178.720,1.798,6,8 5 4 7 3 1,9.2723,0.002888,0,0
1787862057.552,656,1.267112,0.381756,0.126697,-178.720,1.743,6,5 8 4 7 3 1,8.9115,0.002774,0,0
1787862057.593,657,1.268263,0.380999,0.126691,-178.722,1.716,6,8 5 4 7 3 1,9.0006,0.002801,0,0
1787862057.632,658,1.267533,0.381108,0.126672,-178.722,1.738,6,8 5 7 3 4 1,8.9493,0.002785,0,0
1787862057.672,659,1.266669,0.381515,0.126607,-178.726,1.762,6,8 5 7 3 4 1,8.9930,0.002799,0,0
1787862057.712,660,1.267243,0.381039,0.126748,-178.723,1.745,6,8 5 4 7 3 1,8.9521,0.002786,0,0
1787862057.751,661,1.268016,0.381803,0.126366,-178.720,1.738,6,8 5 4 7 1 3,8.9503,0.002786,0,0
1787862057.790,662,1.265914,0.381356,0.126652,-178.721,1.780,6,8 5 3 4 7 1,8.8956,0.002769,0,0
1787862057.829,663,1.267280,0.381578,0.126626,-178.718,1.754,6,8 5 4 7 3 1,9.0043,0.002803,0,0
1787862057.868,664,1.267220,0.381273,0.126856,-178.721,1.753,6,8 5 4 7 3 1,8.9806,0.002795,0,0
1787862057.909,665,1.267363,0.381003,0.126744,-178.726,1.747,6,8 5 7 4 3 1,8.9235,0.002777,0,0
1787862057.949,666,1.267513,0.380849,0.126913,-178.722,1.745,6,8 5 4 7 3 1,8.8677,0.002760,0,0
1787862057.989,667,1.267100,0.380971,0.126827,-178.724,1.755,6,8 5 4 7 3 1,8.8835,0.002765,0,0
1787862058.029,668,1.267210,0.381018,0.126797,-178.719,1.754,6,8 5 4 3 7 1,8.8927,0.002768,0,0
1787862058.068,669,1.267154,0.381588,0.126593,-178.720,1.761,6,8 5 4 7 3 1,8.9404,0.002783,0,0
1787862058.109,670,1.268408,0.380976,0.126543,-178.721,1.729,6,8 5 4 7 3 1,8.9667,0.002791,0,0
1787862058.151,671,1.268451,0.380523,0.126764,-178.719,1.728,6,8 5 4 7 3 1,8.9082,0.002772,0,0
1787862058.191,672,1.268495,0.380916,0.126599,-178.718,1.730,6,8 5 4 7 3 1,8.9020,0.002771,0,0
1787862058.231,673,1.267899,0.380337,0.126846,-178.719,1.740,6,8 5 4 7 3 1,8.8917,0.002767,0,0
1787862058.271,674,1.267237,0.381101,0.126565,-178.719,1.764,6,8 5 4 3 7 1,8.9950,0.002800,0,0
1787862058.311,675,1.267273,0.381099,0.126524,-178.715,1.762,6,8 5 4 7 3 1,8.8826,0.002765,0,0
1787862058.352,676,1.267803,0.380906,0.126793,-178.721,1.751,6,8 5 4 7 3 1,8.8855,0.002765,0,0
1787862058.392,677,1.267236,0.380706,0.126838,-178.715,1.764,6,8 5 7 4 3 1,8.8893,0.002766,0,0
1787862058.434,678,1.267077,0.380808,0.126750,-178.719,1.768,6,5 8 7 4 3 1,8.8618,0.002758,0,0
1787862058.475,679,1.267750,0.381009,0.126625,-178.714,1.756,6,8 5 3 4 7 1,8.9473,0.002785,0,0
1787862058.518,680,1.267823,0.380301,0.126961,-178.719,1.752,6,8 5 4 7 3 1,8.8388,0.002751,0,0
1787862058.559,681,1.267239,0.380977,0.126756,-178.719,1.769,6,8 5 3 7 4 1,8.8468,0.002753,0,0
1787862058.598,682,1.267590,0.380485,0.126945,-178.718,1.757,6,8 5 4 7 3 1,8.8882,0.002766,0,0
1787862058.641,683,1.267593,0.380470,0.126880,-178.721,1.760,6,8 5 4 7 3 1,8.8979,0.002769,0,0
1787862058.685,684,1.266833,0.380618,0.126890,-178.719,1.778,6,8 5 4 7 1 3,8.9082,0.002772,0,0
1787862058.730,685,1.266902,0.380361,0.127022,-178.720,1.775,6,8 5 7 4 3 1,8.8851,0.002765,0,0
1787862058.771,686,1.267763,0.380719,0.126730,-178.720,1.758,6,8 5 4 7 3 1,8.8497,0.002754,0,0
1787862058.813,687,1.267103,0.380588,0.126823,-178.717,1.773,6,8 5 7 4 3 1,8.8246,0.002746,0,0
1787862058.855,688,1.267620,0.380879,0.126556,-178.718,1.764,6,8 5 4 7 3 1,8.8710,0.002761,0,0
1787862058.899,689,1.267039,0.380881,0.126772,-178.720,1.779,6,8 5 7 4 3 1,8.9369,0.002781,0,0
1787862058.939,690,1.267020,0.380886,0.126812,-178.721,1.780,6,8 5 4 7 3 1,8.8877,0.002766,0,0
1787862058.979,691,1.267661,0.380673,0.126820,-178.721,1.765,6,8 5 4 7 3 1,8.9420,0.002783,0,0
1787862059.019,692,1.267149,0.380446,0.127005,-178.717,1.776,6,8 5 4 7 3 1,8.9410,0.002782,0,0
1787862059.059,693,1.267080,0.380372,0.127019,-178.719,1.777,6,8 5 4 7 3 1,8.9212,0.002776,0,0
1787862059.106,694,1.266498,0.380616,0.126888,-178.719,1.794,6,8 5 4 7 3 1,8.8880,0.002766,0,0
1787862059.146,695,1.267159,0.380532,0.126864,-178.720,1.778,6,8 5 4 7 3 1,8.9129,0.002774,0,0
1787862059.187,696,1.267405,0.380443,0.126902,-178.716,1.773,6,8 5 4 7 3 1,8.9161,0.002775,0,0
1787862059.229,697,1.266793,0.380451,0.126922,-178.719,1.788,6,8 5 4 7 3 1,8.9370,0.002781,0,0
1787862059.278,698,1.266286,0.380708,0.126822,-178.716,1.803,6,8 5 4 7 3 1,8.9519,0.002786,0,0
1787862059.319,699,1.266504,0.380880,0.126876,-178.715,1.800,6,8 4 5 7 3 1,8.9319,0.002780,0,0
1787862059.362,700,1.267319,0.380691,0.126842,-178.717,1.780,6,8 5 4 7 3 1,8.9553,0.002787,0,0
1787862059.404,701,1.266938,0.380546,0.126819,-178.715,1.788,6,8 5 4 7 3 1,8.9826,0.002796,0,0
1787862059.445,702,1.267062,0.380280,0.127100,-178.714,1.784,6,8 5 7 4 3 1,8.9335,0.002780,0,0
1787862059.486,703,1.266751,0.380551,0.127036,-178.715,1.794,6,8 5 7 4 3 1,8.9731,0.002792,0,0
1787862059.532,704,1.267054,0.380505,0.126818,-178.719,1.786,6,8 5 4 7 3 1,9.0083,0.002804,0,0
1787862059.575,705,1.267035,0.380524,0.126917,-178.720,1.789,6,8 5 4 7 3 1,8.9141,0.002774,0,0
1787862059.617,706,1.267200,0.380210,0.126984,-178.718,1.782,6,8 5 4 7 3 1,8.9285,0.002778,0,0
1787862059.657,707,1.266698,0.380504,0.126924,-178.717,1.795,6,8 4 5 7 3 1,8.9712,0.002792,0,0
1787862059.700,708,1.267406,0.380868,0.126836,-178.723,1.779,6,8 4 5 7 3 1,8.9554,0.002787,0,0
1787862059.739,709,1.267559,0.381118,0.126826,-178.717,1.780,6,8 4 5 7 3 1,8.9394,0.002782,0,0
1787862059.781,710,1.267971,0.381240,0.126719,-178.717,1.771,6,8 5 4 7 3 1,8.9122,0.002774,0,0
1787862059.822,711,1.267458,0.381107,0.126684,-178.719,1.780,6,8 5 4 3 7 1,8.9068,0.002772,0,0
1787862059.862,712,1.266812,0.381354,0.126715,-178.723,1.796,6,8 5 4 7 3 1,8.9832,0.002796,0,0
1787862059.903,713,1.266728,0.380583,0.126852,-178.719,1.792,6,8 5 3 4 7 1,8.9717,0.002792,0,0
1787862059.944,714,1.265637,0.380729,0.126916,-178.719,1.816,6,8 4 5 3 7 1,8.9958,0.002800,0,0
1787862059.987,715,1.266544,0.380632,0.126927,-178.720,1.793,6,8 5 4 3 7 1,8.9500,0.002785,0,0
1787862060.036,716,1.266967,0.380728,0.126840,-178.721,1.783,6,8 5 4 3 7 1,8.9815,0.002795,0,0
1787862060.081,717,1.266802,0.381060,0.126727,-178.721,1.789,6,8 5 4 7 3 1,8.9760,0.002794,0,0
1787862060.123,718,1.267244,0.380698,0.126861,-178.723,1.776,6,8 5 4 7 3 1,8.9336,0.002780,0,0
1787862060.162,719,1.266719,0.380963,0.126869,-178.723,1.788,6,8 4 5 3 7 1,8.9356,0.002781,0,0
1787862060.206,720,1.266103,0.380864,0.126956,-178.722,1.800,6,8 5 4 7 3 1,8.8972,0.002769,0,0
1787862060.247,721,1.267975,0.381286,0.126672,-178.722,1.760,6,8 5 4 3 7 1,8.9360,0.002781,0,0
1787862060.291,722,1.267446,0.381098,0.126644,-178.718,1.771,6,8 4 5 3 7 1,8.9919,0.002799,0,0
1787862060.330,723,1.267277,0.381267,0.126686,-178.719,1.773,6,8 4 5 7 3 1,8.9477,0.002785,0,0
1787862060.371,724,1.266869,0.381100,0.127044,-178.717,1.780,6,8 5 4 7 3 1,8.9271,0.002778,0,0
1787862060.411,725,1.267377,0.381216,0.126720,-178.715,1.767,6,8 5 4 7 3 1,9.0201,0.002807,0,0
1787862060.451,726,1.267396,0.380452,0.126945,-178.717,1.761,6,5 8 4 7 3 1,8.8806,0.002764,0,0
1787862060.496,727,1.267367,0.380962,0.126845,-178.719,1.764,6,8 5 4 7 3 1,8.9664,0.002790,0,0
1787862060.538,728,1.266911,0.380743,0.126963,-178.720,1.771,6,8 5 4 7 3 1,8.8819,0.002764,0,0
1787862060.585,729,1.266462,0.381134,0.126875,-178.718,1.780,6,8 4 7 5 3 1,8.9613,0.002789,0,0
1787862060.625,730,1.267493,0.381400,0.126748,-178.719,1.759,6,8 4 5 7 3 1,8.9490,0.002785,0,0
1787862060.664,731,1.267036,0.380802,0.126908,-178.723,1.764,6,8 5 4 3 7 1,8.9195,0.002776,0,0
1787862060.711,732,1.266819,0.380692,0.126958,-178.718,1.766,6,8 5 3 4 7 1,8.8882,0.002766,0,0
1787862060.750,733,1.265693,0.381432,0.126483,-178.717,1.800,6,8 5 4 3 7 1,9.1261,0.002841,0,0
1787862060.796,734,1.266924,0.381357,0.126516,-178.716,1.788,6,8 5 3 4 7 1,9.1501,0.002848,0,0
1787862060.834,735,1.265376,0.383805,0.124476,-178.733,1.826,6,8 5 4 3 7 1,9.6669,0.003011,0,0
1787862060.873,736,1.264733,0.381712,0.126040,-178.713,1.813,6,8 4 5 7 3 1,9.1705,0.002855,0,0
1787862060.910,737,1.267060,0.380578,0.127260,-178.717,1.761,6,8 5 4 7 1 3,8.8466,0.002753,0,0
1787862060.950,738,1.268928,0.380226,0.127134,-178.722,1.724,6,8 5 4 7 3 1,8.8253,0.002746,0,0
1787862060.986,739,1.266939,0.381360,0.126027,-178.721,1.774,6,8 5 4 7 3 1,8.9781,0.002795,0,0
1787862061.025,740,1.267059,0.380695,0.126413,-178.725,1.760,6,8 5 7 4 3 1,8.9542,0.002787,0,0
1787862061.070,741,1.267547,0.380804,0.126722,-178.722,1.748,6,8 5 7 3 4 1,8.8337,0.002749,0,0
1787862061.107,742,1.267329,0.381258,0.126410,-178.727,1.757,6,8 5 4 7 3 1,8.9585,0.002788,0,0
1787862061.146,743,1.268435,0.381541,0.126115,-178.724,1.730,6,8 4 5 7 3 1,8.9620,0.002790,0,0
1787862061.186,744,1.267474,0.381561,0.126415,-178.725,1.750,6,8 4 5 7 3 1,8.9366,0.002782,0,0
1787862061.226,745,1.268332,0.381849,0.126191,-178.725,1.733,6,8 5 4 3 7 1,8.8577,0.002757,0,0
1787862061.265,746,1.267878,0.380960,0.126271,-178.726,1.733,6,8 5 7 4 3 1,8.8586,0.002758,0,0
1787862061.304,747,1.267673,0.380943,0.126271,-178.729,1.735,6,8 5 4 7 3 1,8.9488,0.002786,0,0
1787862061.344,748,1.268725,0.380904,0.126372,-178.733,1.710,6,8 5 4 7 3 1,8.9150,0.002775,0,0
1787862061.386,749,1.268037,0.380980,0.126417,-178.727,1.724,6,8 5 4 7 3 1,8.9485,0.002785,0,0
1787862061.425,750,1.267038,0.381179,0.126312,-178.725,1.743,6,8 5 4 3 7 1,8.9803,0.002795,0,0
1787862061.463,751,1.268065,0.381552,0.126103,-178.725,1.721,6,5 8 4 3 7 1,8.9650,0.002791,0,0
1787862061.501,752,1.268044,0.380965,0.126237,-178.722,1.715,6,8 5 7 4 3 1,8.9498,0.002786,0,0
1787862061.540,753,1.267784,0.381454,0.126116,-178.723,1.721,6,8 5 4 7 3 1,8.9168,0.002776,0,0
1787862061.580,754,1.267149,0.381280,0.126097,-178.728,1.732,6,8 5 4 3 7 1,8.9834,0.002797,0,0
1787862061.622,755,1.268715,0.381165,0.126230,-178.723,1.693,6,8 5 4 7 3 1,8.9370,0.002782,0,0
1787862061.661,756,1.268710,0.381230,0.126163,-178.727,1.691,6,8 5 4 7 3 1,8.8311,0.002749,0,0
1787862061.700,757,1.268400,0.381814,0.126174,-178.724,1.702,6,8 5 3 4 7 1,8.9120,0.002774,0,0
1787862061.743,758,1.268567,0.382113,0.125954,-178.723,1.701,6,8 5 3 4 7 1,8.9734,0.002794,0,0
1787862061.782,759,1.268169,0.382096,0.125977,-178.726,1.704,6,8 5 4 3 7 1,8.9039,0.002772,0,0
1787862061.822,760,1.268397,0.381603,0.126102,-178.723,1.693,6,8 5 4 3 7 1,8.8440,0.002753,0,0
1787862061.868,761,1.268825,0.380963,0.126368,-178.725,1.678,6,8 5 4 7 3 1,8.9057,0.002772,0,0
1787862061.907,762,1.268204,0.381477,0.126020,-178.725,1.693,6,8 5 4 3 7 1,9.0179,0.002807,0,0
1787862061.948,763,1.267735,0.381087,0.126101,-178.727,1.697,6,8 5 4 3 7 1,8.9934,0.002800,0,0
1787862061.990,764,1.268449,0.381177,0.126184,-178.724,1.683,6,8 5 4 7 3 1,8.9919,0.002799,0,0
1787862062.032,765,1.268086,0.381416,0.125992,-178.729,1.691,6,8 5 4 7 3 1,9.0207,0.002808,0,0
1787862062.073,766,1.267796,0.381738,0.126071,-178.728,1.695,6,8 4 5 3 7 1,8.9892,0.002798,0,0
1787862062.124,767,1.268021,0.381544,0.126220,-178.729,1.688,6,8 5 4 7 3 1,9.0530,0.002818,0,0
1787862062.167,768,1.268180,0.381845,0.126165,-178.726,1.687,6,5 8 4 3 7 1,8.9782,0.002795,0,0
1787862062.207,769,1.267975,0.381531,0.126099,-178.724,1.688,6,8 5 4 7 3 1,9.0121,0.002806,0,0
1787862062.248,770,1.268188,0.381734,0.125882,-178.729,1.682,6,8 5 4 7 3 1,9.0013,0.002802,0,0
1787862062.288,771,1.268128,0.381776,0.126002,-178.727,1.682,6,5 8 4 7 3 1,9.0117,0.002806,0,0
1787862062.328,772,1.268520,0.381239,0.126272,-178.728,1.668,6,8 5 3 4 7 1,8.9343,0.002781,0,0
1787862062.373,773,1.267236,0.381321,0.126093,-178.731,1.695,6,8 5 4 3 7 1,8.9520,0.002787,0,0
1787862062.417,774,1.266673,0.381464,0.126147,-178.734,1.708,6,8 5 4 3 7 1,9.0266,0.002810,0,0
1787862062.455,775,1.268316,0.381440,0.126164,-178.737,1.671,6,8 5 3 4 7 1,8.9500,0.002786,0,0
1787862062.496,776,1.268440,0.381991,0.126019,-178.742,1.670,6,8 5 4 3 7 1,8.9641,0.002791,0,0
1787862062.537,777,1.267819,0.381417,0.126236,-178.745,1.675,6,8 5 3 4 7 1,8.9623,0.002790,0,0
1787862062.582,778,1.268628,0.381321,0.126432,-178.753,1.656,6,8 5 7 3 4 1,8.9076,0.002773,0,0
1787862062.623,779,1.268096,0.381670,0.126505,-178.750,1.670,6,8 5 4 7 3 1,8.9601,0.002789,0,0
1787862062.663,780,1.269477,0.381342,0.126422,-178.757,1.656,6,8 5 4 3 7 1,8.9289,0.002779,0,0
1787862062.704,781,1.268854,0.383306,0.126024,-178.758,1.711,6,8 5 3 4 7 1,9.0035,0.002803,0,0
1787862062.743,782,1.270929,0.382645,0.126062,-178.764,1.680,6,8 5 4 7 3 1,9.0330,0.002812,0,0
1787862062.780,783,1.273559,0.383265,0.125779,-178.768,1.655,6,8 5 4 3 7 1,9.0575,0.002820,0,0
1787862062.818,784,1.274324,0.383570,0.125995,-178.774,1.675,6,8 5 3 4 7 1,8.9671,0.002792,0,0
1787862062.857,785,1.276469,0.384369,0.125837,-178.783,1.668,6,8 5 4 3 1 7,8.9617,0.002790,0,0
1787862062.897,786,1.276828,0.384524,0.125591,-178.788,1.683,6,8 5 4 7 3 1,9.0390,0.002815,0,0
1787862062.940,787,1.277038,0.385442,0.125245,-178.797,1.703,6,8 5 3 4 7 1,9.1344,0.002845,0,0
1787862062.980,788,1.278661,0.384931,0.125915,-178.799,1.679,6,8 5 4 7 3 1,9.0735,0.002825,0,0
1787862063.017,789,1.279032,0.385849,0.125684,-178.811,1.703,6,8 4 5 3 7 1,9.0224,0.002809,0,0
1787862063.056,790,1.280914,0.385708,0.126074,-178.817,1.675,6,5 8 3 4 7 1,8.9439,0.002784,0,0
1787862063.094,791,1.281324,0.385337,0.125908,-178.820,1.690,6,8 5 4 3 7 1,9.0655,0.002822,0,0
1787862063.134,792,1.282065,0.386716,0.125211,-178.831,1.715,6,8 5 4 3 7 1,9.1197,0.002840,0,0
1787862063.171,793,1.284099,0.385388,0.126103,-178.838,1.692,6,8 5 4 7 3 1,9.0219,0.002809,0,0
1787862063.210,794,1.285876,0.385673,0.125670,-178.844,1.701,6,8 5 4 7 3 1,9.0414,0.002815,0,0
1787862063.248,795,1.287561,0.385953,0.125780,-178.851,1.706,6,8 5 3 7 4 1,9.0411,0.002815,0,0
1787862063.286,796,1.288347,0.386382,0.124939,-178.852,1.733,6,8 5 4 3 7 1,9.0923,0.002832,0,0
1787862063.330,797,1.288916,0.387082,0.125275,-178.860,1.754,6,8 3 5 4 7 1,9.0577,0.002821,0,0
1787862063.368,798,1.292175,0.386805,0.125290,-178.874,1.712,6,5 8 3 4 7 1,8.9557,0.002789,0,0
1787862063.406,799,1.293343,0.387174,0.125145,-178.885,1.712,6,8 5 4 3 7 1,8.9873,0.002799,0,0
1787862063.447,800,1.293888,0.386592,0.125356,-178.893,1.723,6,8 4 5 7 3 1,8.9040,0.002773,0,0
1787862063.486,801,1.294555,0.386857,0.125179,-178.907,1.744,6,8 5 4 7 3 1,8.9641,0.002792,0,0
1787862063.526,802,1.295490,0.386897,0.124938,-178.922,1.748,6,8 4 5 3 7 1,8.9972,0.002802,0,0
1787862063.565,803,1.297205,0.386161,0.125180,-178.938,1.721,6,5 8 4 3 7 1,8.9405,0.002784,0,0
1787862063.605,804,1.297718,0.387070,0.124922,-178.948,1.736,6,8 4 5 7 3 1,8.9676,0.002793,0,0
1787862063.644,805,1.297817,0.385880,0.125443,-178.960,1.739,6,8 5 7 4 3 1,8.9624,0.002791,0,0
1787862063.682,806,1.299866,0.386915,0.125041,-178.980,1.729,6,8 5 4 7 3 1,8.9380,0.002784,0,0
1787862063.721,807,1.300993,0.386514,0.125034,-178.993,1.733,6,8 4 5 3 7 1,8.9589,0.002790,0,0
1787862063.763,808,1.300898,0.386812,0.124702,-179.008,1.773,6,8 4 5 7 3 1,9.0179,0.002809,0,0
1787862063.806,809,1.303971,0.386090,0.124755,-179.029,1.739,6,8 3 5 4 7 1,9.0696,0.002825,0,0
1787862063.846,810,1.303963,0.386354,0.124655,-179.048,1.788,6,8 4 5 7 3 1,8.9879,0.002800,0,0
1787862063.884,811,1.304684,0.386463,0.124437,-179.061,1.822,6,8 4 5 7 3 1,9.0044,0.002805,0,0
1787862063.923,812,1.308808,0.387024,0.124371,-179.078,1.789,6,5 4 8 7 3 1,9.0671,0.002825,0,0
1787862063.960,813,1.310913,0.387221,0.123921,-179.100,1.790,6,8 7 4 5 3 1,9.0641,0.002824,0,0
1787862063.999,814,1.310783,0.387345,0.123990,-179.116,1.831,6,8 3 4 5 7 1,9.1170,0.002841,0,0
1787862064.039,815,1.314218,0.387008,0.124012,-179.145,1.798,6,4 8 5 7 3 1,9.0572,0.002822,0,0
1787862064.077,816,1.314793,0.385841,0.124296,-179.170,1.828,6,8 5 4 7 3 1,9.1314,0.002845,0,0
1787862064.115,817,1.317117,0.385542,0.124698,-179.197,1.828,6,8 4 7 5 1 3,9.0129,0.002807,0,0
1787862064.154,818,1.319864,0.385187,0.124728,-179.217,1.814,6,8 4 7 3 5 1,9.0369,0.002815,0,0
1787862064.193,819,1.321086,0.386417,0.123338,-179.242,1.856,6,8 7 4 5 3 1,9.1575,0.002854,0,0
1787862064.233,820,1.321602,0.385449,0.123850,-179.263,1.885,6,4 8 7 5 3 1,9.1464,0.002850,0,0
1787862064.273,821,1.326424,0.386431,0.123723,-179.302,1.858,6,8 7 4 5 3 1,9.0737,0.002828,0,0
1787862064.312,822,1.325245,0.386947,0.123257,-179.322,1.955,6,4 8 7 3 5 1,9.1287,0.002845,0,0
1787862064.353,823,1.326708,0.386225,0.123165,-179.361,1.995,6,4 8 5 7 3 1,9.2448,0.002882,0,0
1787862064.392,824,1.332829,0.387156,0.122821,-179.380,1.959,6,4 8 7 5 3 1,9.2686,0.002889,0,0
1787862064.431,825,1.337960,0.387548,0.122852,-179.416,1.943,6,4 7 5 8 3 1,9.2316,0.002878,0,0
1787862064.479,826,1.342155,0.388138,0.121599,-179.455,1.953,6,4 8 7 5 3 1,9.3626,0.002920,0,0
1787862064.519,827,1.344418,0.387695,0.122713,-179.481,1.987,6,7 4 8 5 3 1,9.1717,0.002859,0,0
1787862064.558,828,1.349150,0.388333,0.121965,-179.512,1.977,6,7 4 8 1 3 5,9.1966,0.002868,0,0
1787862064.598,829,1.353014,0.388857,0.122182,-179.547,1.988,6,4 7 8 5 3 1,9.1022,0.002838,0,0
1787862064.636,830,1.356466,0.389306,0.121972,-179.581,1.999,6,4 7 8 3 5 1,9.0307,0.002816,0,0
1787862064.676,831,1.359270,0.389718,0.121557,-179.617,2.008,6,7 4 8 3 5 1,9.1902,0.002866,0,0
1787862064.713,832,1.361899,0.389456,0.121914,-179.650,2.007,6,4 7 3 8 5 1,9.1144,0.002842,0,0
1787862064.752,833,1.363142,0.389580,0.121918,-179.689,2.034,6,4 7 3 8 5 1,8.9918,0.002804,0,0
1787862064.789,834,1.366014,0.389921,0.121887,-179.725,2.021,6,4 7 3 8 5 1,9.1046,0.002839,0,0
1787862064.828,835,1.368141,0.390523,0.121696,-179.769,2.028,6,4 7 3 8 5 1,9.0158,0.002812,0,0
1787862064.865,836,1.368097,0.389495,0.122005,-179.806,2.066,6,4 7 8 3 5 1,9.1167,0.002843,0,0
1787862064.904,837,1.371101,0.390686,0.121246,-179.848,2.071,6,4 7 3 8 5 1,9.2044,0.002871,0,0
1787862064.947,838,1.371206,0.390651,0.121805,-179.892,2.125,6,4 7 8 3 5 1,9.1104,0.002841,0,0
1787862064.986,839,1.375904,0.390301,0.121342,-179.939,2.080,6,4 7 3 8 5 1,9.0969,0.002838,0,0
1787862065.024,840,1.378852,0.390531,0.121136,-179.984,2.077,6,4 7 8 3 5 1,9.1276,0.002847,0,0
1787862065.064,841,1.378197,0.390217,0.121268,179.978,2.157,6,7 4 3 5 8 1,9.2544,0.002887,0,0
1787862065.105,842,1.380780,0.388338,0.121625,179.928,2.152,6,4 7 8 3 5 1,9.2454,0.002884,0,0
1787862065.143,843,1.383742,0.389103,0.121055,179.878,2.154,6,4 7 5 3 8 1,9.2431,0.002884,0,0
1787862065.183,844,1.384941,0.388306,0.121386,179.830,2.164,6,4 7 8 3 5 1,9.2687,0.002891,0,0
1787862065.221,845,1.386095,0.389039,0.121185,179.788,2.199,6,4 7 8 5 3 1,9.2251,0.002878,0,0
1787862825.877,0,0.851858,-0.160578,0.562593,-3.662,15.725,4,7 4 8 5,8.4642,0.002634,0,0
1787862825.929,1,0.852576,-0.161159,0.562311,-3.662,15.720,4,7 4 8 5,8.3703,0.002605,0,0
1787862825.976,2,0.852973,-0.160973,0.564069,-3.663,15.725,4,7 4 8 5,8.4509,0.002628,0,0
1787862826.022,3,0.853789,-0.160184,0.565101,-3.656,15.711,4,7 4 8 5,8.5642,0.002661,0,0
1787862826.070,4,0.853062,-0.161213,0.564926,-3.655,15.744,4,7 4 8 5,8.6262,0.002681,0,0
1787862826.118,5,0.850993,-0.160650,0.564589,-3.663,15.774,4,7 4 8 5,8.6100,0.002676,0,0
1787862826.165,6,0.852425,-0.160048,0.563835,-3.641,15.729,4,7 4 8 5,8.5130,0.002647,0,0
1787862826.214,7,0.851632,-0.161297,0.564905,-3.655,15.781,4,7 4 8 5,8.5204,0.002648,0,0
1787862826.261,8,0.851598,-0.160661,0.564503,-3.647,15.781,4,7 4 8 5,8.5109,0.002646,0,0
1787862826.308,9,0.850613,-0.160556,0.565021,-3.647,15.809,4,7 4 8 5,8.5178,0.002647,0,0
1787862826.355,10,0.850817,-0.159981,0.564447,-3.642,15.802,4,7 4 8 5,8.5785,0.002667,0,0
1787862826.402,11,0.851357,-0.160258,0.564438,-3.635,15.802,4,7 4 8 5,8.5558,0.002660,0,0
1787862826.451,12,0.851927,-0.160905,0.564634,-3.633,15.806,4,7 4 8 5,8.5502,0.002658,0,0
1787862826.498,13,0.852228,-0.160183,0.564530,-3.622,15.792,4,7 4 8 5,8.4933,0.002640,0,0
1787862826.546,14,0.851506,-0.160658,0.564451,-3.621,15.818,4,7 4 8 5,8.4712,0.002633,0,0
1787862826.596,15,0.850880,-0.160413,0.564439,-3.613,15.829,4,7 4 8 5,8.4525,0.002628,0,0
1787862826.645,16,0.851071,-0.160981,0.564525,-3.617,15.832,4,7 4 8 5,8.4339,0.002622,0,0
1787862826.695,17,0.850213,-0.161238,0.564861,-3.614,15.852,4,7 4 8 5,8.5119,0.002646,0,0
1787862826.744,18,0.850616,-0.160632,0.564136,-3.602,15.825,4,7 4 8 5,8.4747,0.002635,0,0
1787862826.791,19,0.851082,-0.161167,0.563718,-3.592,15.816,4,7 4 8 5,8.4571,0.002630,0,0
1787862826.839,20,0.850015,-0.161004,0.564051,-3.592,15.833,4,7 4 8 5,8.4269,0.002620,0,0
1787862826.889,21,0.850484,-0.160362,0.563634,-3.584,15.807,4,7 4 8 5,8.4004,0.002613,0,0
1787862826.939,22,0.850031,-0.160187,0.562636,-3.572,15.800,4,7 4 8 5,8.3833,0.002609,0,0
1787862826.988,23,0.849608,-0.160992,0.563090,-3.569,15.824,4,7 4 8 5,8.3700,0.002604,0,0
1787862827.033,24,0.850138,-0.160261,0.563348,-3.553,15.800,4,7 4 8 5,8.4135,0.002617,0,0
1787862827.083,25,0.849967,-0.160618,0.563590,-3.547,15.812,4,7 4 8 5,8.4664,0.002633,0,0
1787862827.133,26,0.849699,-0.160399,0.563121,-3.540,15.809,4,7 4 8 5,8.4315,0.002623,0,0
1787862827.183,27,0.849621,-0.160354,0.562250,-3.532,15.800,4,7 4 8 5,8.4134,0.002618,0,0
1787862827.231,28,0.849179,-0.161160,0.562578,-3.520,15.826,4,7 4 8 5,8.3468,0.002597,0,0
1787862827.282,29,0.849594,-0.160933,0.562239,-3.519,15.810,4,7 4 8 5,8.3609,0.002602,0,0
1787862827.329,30,0.849571,-0.160907,0.561990,-3.508,15.806,4,7 4 8 5,8.3568,0.002601,0,0
1787862827.382,31,0.849804,-0.160482,0.561786,-3.504,15.795,4,7 4 8 5,8.3425,0.002597,0,0
1787862827.434,32,0.849287,-0.161657,0.564106,-3.498,15.837,4,7 4 8 5,8.4317,0.002622,0,0
1787862827.486,33,0.849343,-0.161459,0.564593,-3.492,15.837,4,7 4 8 5,8.5454,0.002656,0,0
1787862827.535,34,0.850311,-0.160537,0.564061,-3.473,15.798,4,7 4 8 5,8.4774,0.002636,0,0
1787862827.587,35,0.849842,-0.160571,0.563973,-3.463,15.804,4,7 4 8 5,8.4559,0.002629,0,0
1787862827.636,36,0.850760,-0.160498,0.563763,-3.454,15.782,4,7 4 8 5,8.3713,0.002603,0,0
1787862827.688,37,0.849777,-0.160546,0.564144,-3.452,15.807,4,7 4 8 5,8.3724,0.002603,0,0
1787862827.737,38,0.850376,-0.160155,0.564560,-3.441,15.795,4,7 4 8 5,8.5268,0.002651,0,0
1787862827.783,39,0.850206,-0.160222,0.564456,-3.435,15.799,4,7 4 8 5,8.4324,0.002621,0,0
1787862827.829,40,0.850024,-0.159401,0.564336,-3.423,15.790,4,7 4 8 5,8.5157,0.002647,0,0
1787862827.878,41,0.850447,-0.159358,0.565488,-3.413,15.790,4,7 4 8 5,8.5641,0.002661,0,0
1787862827.925,42,0.849357,-0.158630,0.565298,-3.402,15.801,4,7 4 8 5,8.5157,0.002646,0,0
1787862827.973,43,0.850538,-0.159557,0.565311,-3.408,15.788,4,7 4 8 5,8.5857,0.002668,0,0
1787862828.020,44,0.850040,-0.159696,0.564792,-3.392,15.796,4,7 4 8 5,8.5126,0.002646,0,0
1787862828.069,45,0.849094,-0.159995,0.565136,-3.394,15.814,4,7 4 8 5,8.5007,0.002642,0,0
1787862828.118,46,0.849849,-0.161287,0.565369,-3.390,15.818,4,7 4 8 5,8.5007,0.002641,0,0
1787862828.168,47,0.849152,-0.160895,0.566013,-3.384,15.827,4,7 4 8 5,8.5710,0.002662,0,0
1787862828.217,48,0.849177,-0.160208,0.565087,-3.368,15.804,4,7 4 8 5,8.5068,0.002644,0,0
1787862828.264,49,0.849728,-0.159575,0.564554,-3.367,15.778,4,7 4 8 5,8.4879,0.002639,0,0
1787862828.314,50,0.849626,-0.160284,0.564826,-3.360,15.789,4,7 4 8 5,8.4531,0.002627,0,0
1787862828.368,51,0.850009,-0.159674,0.564289,-3.346,15.763,4,7 4 8 5,8.5293,0.002652,0,0
1787862828.415,52,0.849268,-0.159518,0.564478,-3.347,15.778,4,7 4 8 5,8.4863,0.002638,0,0
1787862828.462,53,0.849503,-0.159923,0.564585,-3.347,15.778,4,7 4 8 5,8.4896,0.002639,0,0
1787862828.511,54,0.849713,-0.160795,0.564082,-3.338,15.782,4,7 4 8 5,8.3656,0.002601,0,0
1787862828.559,55,0.849413,-0.160132,0.564174,-3.330,15.779,4,7 4 8 5,8.3224,0.002588,0,0
1787862828.614,56,0.850611,-0.159576,0.564039,-3.329,15.742,4,7 4 8 5,8.4614,0.002631,0,0
1787862828.661,57,0.851043,-0.159709,0.564768,-3.318,15.741,4,7 4 8 5,8.4427,0.002624,0,0
1787862828.709,58,0.850203,-0.160436,0.565475,-3.318,15.771,4,7 4 8 5,8.5314,0.002651,0,0
1787862828.756,59,0.850095,-0.160107,0.564944,-3.311,15.760,4,7 4 8 5,8.4973,0.002641,0,0
1787862828.804,60,0.849522,-0.159637,0.564372,-3.306,15.750,4,7 4 8 5,8.5682,0.002664,0,0
1787862828.854,61,0.849202,-0.159518,0.563922,-3.307,15.737,4,7 4 8 5,8.5731,0.002666,0,0
1787862828.903,62,0.849103,-0.160154,0.564411,-3.302,15.741,4,7 4 8 5,8.6076,0.002676,0,0
1787862828.955,63,0.849227,-0.160388,0.565699,-3.301,15.741,4,7 4 8 5,8.5090,0.002643,0,0
1787862829.004,64,0.848009,-0.159462,0.565621,-3.293,15.739,4,7 4 8 5,8.5311,0.002650,0,0
1787862829.053,65,0.847676,-0.160187,0.565738,-3.299,15.750,4,7 4 8 5,8.5159,0.002646,0,0
1787862829.102,66,0.847934,-0.160677,0.565769,-3.292,15.752,4,7 4 8 5,8.5875,0.002668,0,0
1787862829.153,67,0.847862,-0.160684,0.566297,-3.292,15.755,4,7 4 8 5,8.5320,0.002650,0,0
1787862829.200,68,0.848286,-0.160477,0.567235,-3.289,15.754,4,7 4 8 5,8.6153,0.002674,0,0
1787862829.255,69,0.848665,-0.159764,0.567679,-3.281,15.739,4,7 4 8 5,8.6524,0.002685,0,0
1787862829.304,70,0.847225,-0.159746,0.567815,-3.291,15.775,4,7 4 8 5,8.6704,0.002691,0,0
1787862829.353,71,0.847831,-0.159556,0.566781,-3.283,15.753,4,7 4 8 5,8.5953,0.002669,0,0
1787862829.404,72,0.848060,-0.159355,0.567021,-3.275,15.747,4,7 4 8 5,8.5883,0.002666,0,0
1787862829.449,73,0.848110,-0.159175,0.568165,-3.285,15.749,4,7 4 8 5,8.8107,0.002734,0,0
1787862829.496,74,0.848128,-0.158771,0.566483,-3.281,15.725,4,7 4 8 5,8.7155,0.002707,0,0
1787862829.542,75,0.848148,-0.159139,0.566965,-3.277,15.735,4,7 4 8 5,8.6425,0.002683,0,0
1787862830.566,76,0.847983,-0.159087,0.565852,-3.283,15.731,4,7 4 8 5,8.6070,0.002674,0,0
1787862830.615,77,0.847560,-0.159574,0.566296,-3.286,15.760,4,7 4 8 5,8.5037,0.002641,0,0
1787862830.665,78,0.848156,-0.158914,0.564825,-3.286,15.728,4,7 4 8 5,8.5967,0.002672,0,0
1787862830.715,79,0.848047,-0.159743,0.564497,-3.289,15.748,4,7 4 8 5,8.3865,0.002607,0,0
1787862830.762,80,0.847016,-0.159566,0.565360,-3.287,15.781,4,7 4 8 5,8.4040,0.002611,0,0
1787862830.811,81,0.846717,-0.159279,0.565282,-3.293,15.791,4,7 4 8 5,8.3773,0.002603,0,0
1787862830.860,82,0.846052,-0.159342,0.564418,-3.299,15.807,4,7 4 8 5,8.4185,0.002617,0,0
1787862830.913,83,0.845450,-0.159813,0.563653,-3.293,15.827,4,7 4 8 5,8.3674,0.002602,0,0
1787862830.961,84,0.844685,-0.159094,0.562570,-3.288,15.831,4,7 4 8 5,8.2944,0.002581,0,0
1787862831.009,85,0.844282,-0.159732,0.561757,-3.286,15.851,4,7 4 8 5,8.2214,0.002559,0,0
1787862831.060,86,0.842825,-0.160539,0.561495,-3.277,15.904,4,7 4 8 5,8.2011,0.002553,0,0
1787862831.111,87,0.842544,-0.160146,0.560649,-3.270,15.913,4,7 4 8 5,8.2115,0.002558,0,0
1787862831.159,88,0.842190,-0.159724,0.561998,-3.266,15.951,4,7 4 8 5,8.1855,0.002548,0,0
1787862831.210,89,0.842716,-0.160444,0.563794,-3.255,16.005,4,7 4 8 5,8.2920,0.002579,0,0
1787862831.259,90,0.841641,-0.159862,0.565066,-3.242,16.071,4,7 4 8 5,8.3445,0.002593,0,0
1787862831.395,91,0.842481,-0.159574,0.565222,-3.225,16.097,4,7 4 8 5,8.3763,0.002603,0,0
1787862831.453,92,0.843606,-0.158412,0.565514,-3.207,16.112,4,7 4 8 5,8.4651,0.002630,0,0
1787862831.506,93,0.842436,-0.159557,0.567081,-3.194,16.227,4,7 4 8 5,8.4540,0.002625,0,0
1787862831.556,94,0.843128,-0.160091,0.567222,-3.172,16.275,4,7 4 8 5,8.5454,0.002653,0,0
1787862831.604,95,0.842333,-0.159212,0.567471,-3.145,16.336,4,7 4 8 5,8.5670,0.002659,0,0
1787862831.653,96,0.842806,-0.159652,0.566603,-3.110,16.385,4,7 4 8 5,8.5216,0.002646,0,0
1787862831.702,97,0.843652,-0.160587,0.566530,-3.072,16.443,4,7 4 8 5,8.4868,0.002635,0,0
1787862831.749,98,0.841941,-0.160409,0.567766,-3.051,16.553,4,7 4 8 5,8.6113,0.002672,0,0
1787862831.796,99,0.843340,-0.160495,0.567884,-3.007,16.599,4,7 4 8 5,8.6232,0.002676,0,0
1787862831.841,100,0.842137,-0.160548,0.568876,-2.969,16.703,4,7 4 8 5,8.6539,0.002684,0,0
1787862831.890,101,0.843480,-0.160393,0.568485,-2.921,16.754,4,7 4 8 5,8.6981,0.002698,0,0
1787862831.937,102,0.842635,-0.159965,0.568488,-2.877,16.849,4,7 4 8 5,8.6744,0.002691,0,0
1787862831.982,103,0.840997,-0.161045,0.570606,-2.837,17.005,4,7 4 8 5,8.7555,0.002713,0,0
1787862832.028,104,0.841928,-0.161156,0.569689,-2.786,17.078,4,7 4 8 5,8.7004,0.002697,0,0
1787862832.080,105,0.840879,-0.161381,0.569827,-2.730,17.208,4,7 4 8 5,8.6826,0.002692,0,0
1787862832.127,106,0.840789,-0.161609,0.569949,-2.671,17.324,4,7 4 8 5,8.6209,0.002672,0,0
1787862832.174,107,0.839825,-0.161992,0.569949,-2.614,17.464,4,7 4 8 5,8.4981,0.002634,0,0
1787862832.222,108,0.839384,-0.161791,0.568553,-2.556,17.581,4,7 4 8 5,8.5970,0.002667,0,0
1787862832.270,109,0.839510,-0.162427,0.567863,-2.491,17.704,4,7 4 8 5,8.4625,0.002626,0,0
1787862832.320,110,0.838784,-0.163618,0.568922,-2.431,17.878,4,7 4 8 5,8.4400,0.002618,0,0
1787862832.368,111,0.837290,-0.163598,0.568410,-2.358,18.042,4,7 4 8 5,8.3641,0.002595,0,0
1787862832.418,112,0.838309,-0.164199,0.568441,-2.290,18.167,4,7 4 8 5,8.4285,0.002615,0,0
1787862832.472,113,0.837965,-0.164574,0.567819,-2.218,18.316,4,7 4 8 5,8.2917,0.002573,0,0
1787862832.518,114,0.836719,-0.165295,0.568551,-2.144,18.503,4,7 4 8 5,8.2375,0.002555,0,0
1787862832.569,115,0.836458,-0.166215,0.569129,-2.071,18.675,4,7 4 8 5,8.3260,0.002582,0,0
1787862832.616,116,0.837898,-0.165460,0.569059,-1.982,18.786,4,7 4 8 5,8.3293,0.002583,0,0
1787862832.666,117,0.836768,-0.166152,0.569905,-1.908,18.975,4,7 4 8 5,8.4151,0.002609,0,0
1787862832.709,118,0.834973,-0.166345,0.569040,-1.820,19.167,4,7 4 8 5,8.3049,0.002576,0,0
1787862832.752,119,0.833640,-0.166825,0.567433,-1.725,19.344,4,7 4 8 5,8.1811,0.002539,0,0
1787862832.798,120,0.834632,-0.167912,0.569136,-1.636,19.513,4,7 4 8 5,8.2770,0.002567,0,0
1787862832.848,121,0.834215,-0.168368,0.570953,-1.539,19.684,4,7 4 8 5,8.2882,0.002568,0,0
1787862832.893,122,0.842939,-0.129016,0.553921,-1.213,18.883,5,7 4 8 5 3,9.9177,0.002773,0,0
1787862832.939,123,0.841877,-0.130909,0.554910,-1.117,19.083,5,7 4 8 5 3,8.8966,0.002486,0,0
1787862832.989,124,0.838351,-0.131701,0.554865,-1.020,19.301,5,7 4 8 5 3,9.1901,0.002568,0,0
1787862833.030,125,0.810555,-0.149125,0.565061,-1.053,20.518,3,7 4 5,7.3244,0.002628,0,0
1787862833.075,126,,,,,,0,,,,,
1787862833.118,127,,,,,,0,,,,,
1787862833.164,128,0.815189,-0.152562,0.568335,-0.927,21.429,5,7 4 8 5 3,9.0659,0.002516,0,0
1787862833.210,129,0.909373,-0.234274,0.590561,-1.287,21.032,2,4 3,7.3774,0.003200,0,0
1787862833.256,130,0.787322,-0.198092,0.592500,-1.206,23.345,4,7 4 8 5,8.4737,0.002596,0,0
1787862833.301,131,0.799177,-0.189768,0.588652,-0.998,23.008,4,7 4 8 5,9.8372,0.003020,0,0
1787862833.349,132,0.790567,-0.155236,0.577098,-0.631,22.524,5,7 4 8 5 3,9.0354,0.002496,0,0
1787862833.393,133,0.787968,-0.163687,0.582457,-0.552,22.704,5,7 4 8 5 3,8.3297,0.002295,0,0
1787862833.440,134,0.779607,-0.165369,0.588680,-0.473,22.899,5,7 4 8 5 3,8.4100,0.002309,0,0
1787862833.488,135,0.772051,-0.165171,0.590344,-0.374,22.964,5,7 4 8 5 3,8.8784,0.002436,0,0
1787862833.537,136,0.764509,-0.168206,0.592113,-0.278,23.076,5,7 4 8 5 3,8.7326,0.002393,0,0
1787862833.583,137,0.761337,-0.173857,0.595123,-0.125,23.168,5,7 4 8 5 3,8.2536,0.002259,0,0
1787862833.626,138,0.752951,-0.176432,0.598084,-0.046,23.307,5,7 4 8 5 3,8.2150,0.002245,0,0
1787862833.671,139,0.743776,-0.177278,0.599290,0.107,23.446,5,7 4 8 5 3,8.5242,0.002327,0,0
1787862833.717,140,0.736885,-0.179110,0.603401,0.214,23.589,5,7 4 8 5 3,8.3801,0.002283,0,0
1787862833.761,141,0.730299,-0.182266,0.606041,0.304,23.740,5,7 4 8 5 3,8.3404,0.002269,0,0
1787862833.806,142,0.725331,-0.184794,0.608564,0.460,23.849,5,7 4 8 5 3,8.7668,0.002382,0,0
1787862833.851,143,0.719809,-0.187744,0.610134,0.558,23.961,5,7 4 8 5 3,8.7565,0.002377,0,0
1787862833.899,144,0.712074,-0.190758,0.612970,0.665,24.145,5,7 4 8 5 3,8.4658,0.002295,0,0
1787862833.943,145,0.705008,-0.191548,0.615267,0.692,24.295,5,7 4 8 5 3,8.9490,0.002423,0,0
1787862833.991,146,0.697252,-0.198928,0.620203,0.788,24.575,5,7 4 8 5 3,8.4803,0.002290,0,0
1787862834.034,147,0.687957,-0.201486,0.622600,0.876,24.759,5,7 4 8 5 3,8.3349,0.002248,0,0
1787862834.081,148,0.676640,-0.204664,0.628632,0.950,25.004,5,7 4 8 5 3,8.4016,0.002259,0,0
1787862834.127,149,0.669139,-0.206249,0.629273,1.010,25.109,5,7 4 8 5 3,8.5241,0.002291,0,0
1787862834.171,150,0.660816,-0.210509,0.632024,1.096,25.275,5,7 4 8 5 3,8.2054,0.002202,0,0
1787862834.217,151,0.651987,-0.213038,0.635751,1.142,25.420,5,7 4 8 5 3,8.3883,0.002246,0,0
1787862834.263,152,0.641229,-0.214632,0.638736,1.192,25.578,5,7 4 8 5 3,8.1231,0.002172,0,0
1787862834.309,153,0.626211,-0.213076,0.644275,1.241,25.811,6,7 4 8 1 5 3,7.9812,0.001942,0,0
1787862834.355,154,0.623008,-0.215503,0.644563,1.292,25.868,6,7 4 8 1 5 3,7.8425,0.001908,0,0
1787862834.402,155,0.619525,-0.216532,0.644148,1.364,25.938,6,7 4 8 1 5 3,8.1685,0.001988,0,0
1787862834.450,156,0.617502,-0.218669,0.646037,1.416,26.050,6,7 4 8 1 5 3,8.3737,0.002036,0,0
1787862834.497,157,0.615218,-0.218948,0.644994,1.471,26.119,6,7 4 8 1 5 3,7.9969,0.001945,0,0
1787862834.543,158,0.614359,-0.218746,0.644020,1.517,26.169,6,7 4 8 1 5 3,7.9432,0.001933,0,0
1787862834.591,159,0.613880,-0.219627,0.645104,1.563,26.272,6,7 4 8 1 5 3,7.9864,0.001943,0,0
1787862834.635,160,0.612398,-0.219758,0.646042,1.600,26.385,6,7 4 8 1 5 3,8.0303,0.001952,0,0
1787862834.681,161,0.612078,-0.220096,0.645753,1.631,26.455,6,7 4 8 1 5 3,8.0374,0.001954,0,0
1787862834.725,162,0.613081,-0.220827,0.645797,1.681,26.522,6,7 4 8 1 5 3,7.9667,0.001937,0,0
1787862834.771,163,0.614263,-0.220369,0.646832,1.706,26.601,6,7 4 8 1 5 3,7.9765,0.001938,0,0
1787862834.816,164,0.614205,-0.221123,0.646654,1.735,26.695,6,7 4 8 1 5 3,8.0061,0.001946,0,0
1787862834.861,165,0.613511,-0.221385,0.646054,1.766,26.768,6,7 4 8 1 5 3,7.9818,0.001941,0,0
1787862834.908,166,0.613866,-0.222268,0.648087,1.784,26.875,6,7 4 8 1 5 3,7.9117,0.001921,0,0
1787862834.955,167,0.614355,-0.222282,0.647772,1.815,26.922,6,7 4 8 1 5 3,8.0274,0.001950,0,0
1787862835.003,168,0.614669,-0.222490,0.648411,1.831,26.989,6,7 4 8 1 5 3,7.9156,0.001922,0,0
1787862835.052,169,0.614321,-0.222504,0.650314,1.848,27.074,6,7 4 8 1 5 3,7.9453,0.001927,0,0
1787862835.101,170,0.614637,-0.222636,0.649692,1.858,27.118,6,7 4 8 1 5 3,8.0683,0.001958,0,0
1787862835.149,171,0.615075,-0.223201,0.650850,1.870,27.188,6,7 4 8 1 5 3,8.1274,0.001971,0,0
1787862835.198,172,0.614979,-0.223224,0.649692,1.872,27.229,6,7 8 4 1 5 3,7.9270,0.001923,0,0
1787862835.243,173,0.614174,-0.224754,0.649525,1.876,27.309,6,7 8 4 1 5 3,7.9694,0.001934,0,0
1787862835.289,174,0.613071,-0.225545,0.647894,1.876,27.364,6,7 8 4 1 5 3,7.9663,0.001935,0,0
1787862835.335,175,0.613033,-0.226344,0.646596,1.877,27.404,6,7 8 4 1 5 3,7.9314,0.001928,0,0
1787862835.382,176,0.612194,-0.226951,0.645662,1.871,27.446,6,7 8 4 1 5 3,7.8938,0.001920,0,0
1787862835.430,177,0.611000,-0.227754,0.646078,1.858,27.517,6,7 8 4 1 5 3,7.9436,0.001931,0,0
1787862835.479,178,0.611080,-0.228102,0.645882,1.854,27.533,6,7 8 4 1 5 3,7.8974,0.001920,0,0
1787862835.529,179,0.610199,-0.228261,0.645679,1.837,27.566,6,7 8 4 1 5 3,7.8679,0.001913,0,0
1787862835.579,180,0.611007,-0.228214,0.646857,1.824,27.579,6,7 8 4 1 5 3,8.0638,0.001960,0,0
1787862835.626,181,0.610425,-0.228184,0.647338,1.804,27.618,6,7 8 4 1 5 3,8.0096,0.001946,0,0
1787862835.678,182,0.609846,-0.229048,0.647015,1.799,27.651,6,7 8 4 1 5 3,8.0159,0.001948,0,0
1787862835.729,183,0.609028,-0.229352,0.646523,1.773,27.689,6,7 8 4 5 1 3,8.0424,0.001955,0,0
1787862835.779,184,0.609472,-0.229943,0.646947,1.750,27.723,6,7 8 4 1 5 3,8.0200,0.001949,0,0
1787862835.826,185,0.609509,-0.229897,0.646004,1.732,27.734,6,7 8 4 1 5 3,8.0584,0.001959,0,0
1787862835.877,186,0.609469,-0.230185,0.645847,1.713,27.763,6,7 8 4 1 5 3,8.0608,0.001960,0,0
1787862835.928,187,0.609673,-0.230673,0.645133,1.680,27.789,6,7 8 4 5 1 3,7.9792,0.001941,0,0
1787862835.976,188,0.609260,-0.230639,0.644736,1.651,27.822,6,7 8 4 1 5 3,7.9809,0.001942,0,0
1787862836.021,189,0.609403,-0.231246,0.644385,1.629,27.843,6,7 8 4 5 1 3,8.0084,0.001949,0,0
1787862836.070,190,0.609222,-0.231331,0.644396,1.598,27.864,6,7 8 4 5 1 3,7.9610,0.001937,0,0
1787862836.119,191,0.609569,-0.230932,0.643967,1.570,27.862,6,7 8 4 5 1 3,8.0048,0.001948,0,0
1787862836.170,192,0.609208,-0.231045,0.644183,1.546,27.890,6,7 8 4 5 1 3,7.9762,0.001941,0,0
1787862836.221,193,0.610150,-0.230442,0.645040,1.504,27.900,6,7 8 4 5 1 3,7.9996,0.001946,0,0
1787862836.270,194,0.610045,-0.230643,0.645319,1.486,27.928,6,7 8 4 5 1 3,8.0283,0.001953,0,0
1787862836.317,195,0.609313,-0.229911,0.645484,1.453,27.954,6,7 8 4 5 1 3,8.0227,0.001951,0,0
1787862836.367,196,0.610190,-0.229761,0.645917,1.429,27.964,6,7 8 4 5 1 3,8.0327,0.001953,0,0
1787862836.417,197,0.609687,-0.229512,0.646183,1.403,27.987,6,7 8 4 5 1 3,8.0852,0.001966,0,0
1787862836.466,198,0.608971,-0.229793,0.645466,1.379,28.014,6,7 8 4 5 1 3,8.0269,0.001952,0,0
1787862836.512,199,0.609238,-0.229728,0.644602,1.362,28.008,6,7 8 4 5 1 3,8.0431,0.001957,0,0
1787862836.561,200,0.609861,-0.229963,0.644129,1.345,28.009,6,7 8 4 5 1 3,8.0099,0.001949,0,0
1787862836.612,201,0.608914,-0.230798,0.643992,1.323,28.045,6,7 8 4 5 1 3,7.9902,0.001945,0,0
1787862836.660,202,0.609126,-0.230796,0.643932,1.296,28.051,6,7 8 4 5 1 3,7.9443,0.001934,0,0
1787862836.708,203,0.608417,-0.231061,0.644536,1.275,28.086,6,7 8 4 5 1 3,7.9822,0.001942,0,0
1787862836.757,204,0.608976,-0.230824,0.644172,1.255,28.076,6,7 8 4 5 1 3,7.9718,0.001940,0,0
1787862836.809,205,0.609080,-0.231273,0.644067,1.233,28.090,6,7 8 4 5 1 3,7.9514,0.001935,0,0
1787862836.859,206,0.609274,-0.231257,0.644060,1.217,28.090,6,7 8 4 5 1 3,7.9283,0.001930,0,0
1787862836.909,207,0.609229,-0.231476,0.643946,1.209,28.097,6,7 8 4 5 1 3,7.9671,0.001939,0,0
1787862836.957,208,0.609605,-0.231334,0.643607,1.175,28.097,6,7 8 4 5 1 3,7.9919,0.001946,0,0
1787862837.004,209,0.609793,-0.230995,0.643928,1.164,28.102,6,7 8 4 5 1 3,8.0196,0.001952,0,0
1787862837.056,210,0.610191,-0.230587,0.644685,1.140,28.103,6,7 8 4 5 1 3,8.0298,0.001954,0,0
1787862837.104,211,0.610851,-0.230758,0.645533,1.128,28.116,6,7 8 4 5 1 3,8.0706,0.001963,0,0
1787862837.155,212,0.610428,-0.230183,0.645509,1.108,28.122,6,7 8 4 5 1 3,8.0644,0.001961,0,0
1787862837.203,213,0.610177,-0.230723,0.646361,1.095,28.153,6,7 8 4 5 1 3,8.0826,0.001965,0,0
1787862837.256,214,0.609845,-0.229924,0.645976,1.080,28.141,6,7 8 4 5 1 3,8.0788,0.001964,0,0
1787862837.303,215,0.610046,-0.230063,0.645101,1.068,28.138,6,7 8 4 5 1 3,8.0705,0.001963,0,0
1787862837.354,216,0.610195,-0.230613,0.645328,1.054,28.156,6,7 8 4 5 1 3,8.1242,0.001976,0,0
1787862837.406,217,0.609456,-0.230278,0.644455,1.034,28.156,6,7 8 4 5 1 3,8.0431,0.001957,0,0
1787862837.452,218,0.610208,-0.229723,0.644354,1.026,28.142,6,7 8 4 5 1 3,8.1020,0.001972,0,0
1787862837.500,219,0.610769,-0.229670,0.645471,1.020,28.154,6,7 8 4 5 1 3,8.0343,0.001954,0,0
1787862837.548,220,0.610871,-0.229502,0.645240,1.003,28.151,6,7 8 4 5 1 3,8.0967,0.001969,0,0
1787862837.594,221,0.610878,-0.229565,0.646397,0.982,28.172,6,7 8 4 5 1 3,8.1805,0.001988,0,0
1787862837.643,222,0.610461,-0.229015,0.645367,0.969,28.160,6,7 8 4 5 1 3,8.0470,0.001957,0,0
1787862837.693,223,0.609946,-0.229298,0.644781,0.954,28.170,6,7 8 4 5 1 3,7.9702,0.001939,0,0
1787862837.747,224,0.611162,-0.228368,0.645288,0.952,28.151,6,7 8 4 5 1 3,8.0643,0.001961,0,0
1787862837.796,225,0.611649,-0.228314,0.646979,0.935,28.171,6,7 8 4 5 1 3,8.1672,0.001985,0,0
1787862837.845,226,0.611859,-0.229024,0.646898,0.926,28.183,6,7 8 4 5 1 3,8.1539,0.001981,0,0
1787862837.893,227,0.611326,-0.227953,0.646363,0.913,28.177,6,7 8 4 5 1 3,8.1872,0.001990,0,0
1787862837.943,228,0.611197,-0.228971,0.645574,0.905,28.191,6,7 8 4 5 1 3,8.0559,0.001959,0,0
1787862837.991,229,0.611198,-0.229037,0.644619,0.896,28.186,6,7 8 4 5 1 3,8.0757,0.001965,0,0
1787862838.041,230,0.610610,-0.229889,0.644775,0.879,28.220,6,7 8 4 5 1 3,8.0841,0.001967,0,0
1787862838.088,231,0.610378,-0.229225,0.643712,0.875,28.207,6,7 8 4 5 1 3,7.9509,0.001935,0,0
1787862838.139,232,0.610448,-0.229251,0.643646,0.859,28.214,6,7 8 4 5 1 3,8.0446,0.001958,0,0
1787862838.187,233,0.610947,-0.228752,0.642910,0.850,28.199,6,7 8 4 5 1 3,7.9963,0.001947,0,0
1787862838.237,234,0.610855,-0.228751,0.643470,0.832,28.215,6,7 8 4 5 1 3,7.9521,0.001936,0,0
1787862838.287,235,0.610694,-0.228689,0.643461,0.826,28.221,6,7 8 4 5 1 3,8.0047,0.001949,0,0
1787862838.336,236,0.610463,-0.228767,0.644446,0.811,28.247,6,7 8 4 5 1 3,8.0473,0.001958,0,0
1787862838.385,237,0.610406,-0.228849,0.644382,0.804,28.253,6,7 8 4 5 1 3,8.0293,0.001954,0,0
1787862838.435,238,0.610540,-0.228109,0.643774,0.797,28.235,6,7 8 4 5 1 3,8.0051,0.001949,0,0
1787862838.487,239,0.611179,-0.228088,0.644639,0.785,28.242,6,7 8 4 5 1 3,8.0510,0.001959,0,0
1787862838.538,240,0.610616,-0.228245,0.644058,0.773,28.250,6,7 8 4 5 1 3,8.0125,0.001950,0,0
1787862838.588,241,0.610611,-0.228926,0.643850,0.764,28.265,6,7 8 4 5 1 3,8.0392,0.001957,0,0
1787862838.637,242,0.610812,-0.228895,0.643514,0.757,28.266,6,7 8 4 5 1 3,7.9785,0.001942,0,0
1787862838.685,243,0.610794,-0.228599,0.643571,0.744,28.264,6,7 8 4 5 1 3,7.9905,0.001945,0,0
1787862838.735,244,0.610432,-0.228973,0.643511,0.728,28.281,6,7 8 4 5 1 3,7.9750,0.001942,0,0
1787862838.788,245,0.610140,-0.228688,0.643563,0.729,28.282,6,7 8 4 5 1 3,7.9514,0.001936,0,0
1787862838.837,246,0.610285,-0.228980,0.644531,0.716,28.296,6,7 8 4 5 1 3,7.9878,0.001944,0,0
1787862838.887,247,0.610434,-0.228547,0.645230,0.707,28.293,6,7 8 4 5 1 3,8.0822,0.001966,0,0
1787862838.937,248,0.609712,-0.228840,0.643732,0.699,28.295,6,7 8 4 5 1 3,8.0424,0.001958,0,0
1787862838.986,249,0.609750,-0.229335,0.643144,0.685,28.299,6,7 8 4 5 1 3,7.9860,0.001945,0,0
1787862839.031,250,0.609197,-0.229979,0.642479,0.682,28.316,6,7 8 4 5 1 3,7.9588,0.001939,0,0
1787862839.083,251,0.609432,-0.229433,0.642110,0.671,28.308,6,7 8 4 5 1 3,7.9563,0.001938,0,0
1787862839.132,252,0.609065,-0.229102,0.642593,0.660,28.321,6,7 8 4 5 1 3,7.9582,0.001938,0,0
1787862839.183,253,0.610088,-0.228606,0.642992,0.647,28.312,6,7 8 4 5 1 3,7.9360,0.001933,0,0
1787862839.236,254,0.610307,-0.228471,0.644303,0.640,28.333,6,7 8 4 5 1 3,7.9849,0.001943,0,0
1787862839.283,255,0.610716,-0.227548,0.644482,0.636,28.319,6,7 8 4 5 1 3,8.0721,0.001964,0,0
1787862839.527,256,0.610822,-0.227314,0.644487,0.624,28.319,6,7 8 4 5 1 3,8.0101,0.001949,0,0
1787862839.580,257,0.611132,-0.227597,0.644764,0.619,28.324,6,7 8 4 5 1 3,8.0968,0.001970,0,0
1787862839.626,258,0.612175,-0.226806,0.646482,0.606,28.321,6,7 8 4 5 1 3,8.1350,0.001977,0,0
1787862839.671,259,0.612506,-0.226075,0.647599,0.595,28.316,6,7 8 4 5 1 3,8.2614,0.002007,0,0
1787862839.718,260,0.612796,-0.226718,0.646984,0.586,28.314,6,7 8 4 5 1 3,8.1896,0.001990,0,0
1787862839.768,261,0.612898,-0.226983,0.647247,0.571,28.310,6,7 8 4 5 1 3,8.2373,0.002001,0,0
1787862839.816,262,0.612489,-0.227077,0.645027,0.566,28.284,6,7 8 4 5 1 3,8.1291,0.001977,0,0
1787862839.862,263,0.611730,-0.228127,0.644937,0.545,28.305,6,7 8 4 5 1 3,8.0875,0.001967,0,0
1787862839.909,264,0.612183,-0.228027,0.644434,0.530,28.284,6,7 8 4 5 1 3,8.1052,0.001972,0,0
1787862839.959,265,0.611736,-0.227915,0.643690,0.519,28.267,6,7 8 4 5 1 3,8.0897,0.001969,0,0
1787862840.009,266,0.611127,-0.228023,0.644269,0.502,28.277,6,7 8 4 5 1 3,8.0949,0.001970,0,0
1787862840.064,267,0.611745,-0.228153,0.643305,0.483,28.252,6,7 8 4 5 1 3,8.0182,0.001952,0,0
1787862840.117,268,0.611806,-0.227936,0.644323,0.469,28.248,6,7 8 4 5 1 3,8.0497,0.001959,0,0
1787862840.167,269,0.612584,-0.227537,0.643396,0.452,28.210,6,7 8 4 5 1 3,8.0412,0.001958,0,0
1787862840.216,270,0.612411,-0.226970,0.644789,0.433,28.209,6,7 8 4 5 1 3,8.1455,0.001982,0,0
1787862840.269,271,0.613033,-0.226637,0.644447,0.412,28.179,6,7 8 4 5 1 3,8.0004,0.001947,0,0
1787862840.320,272,0.613222,-0.226222,0.644394,0.394,28.151,6,7 8 4 5 1 3,8.0330,0.001955,0,0
1787862840.367,273,0.614193,-0.226425,0.644604,0.376,28.124,6,7 8 4 5 1 3,8.0680,0.001963,0,0
1787862840.416,274,0.615423,-0.224905,0.646742,0.359,28.084,6,7 8 4 5 1 3,8.1427,0.001979,0,0
1787862840.468,275,0.616031,-0.224281,0.647788,0.334,28.056,6,7 8 4 5 1 3,8.2558,0.002005,0,0
1787862840.516,276,0.615801,-0.224028,0.647127,0.321,28.018,6,7 8 4 5 1 3,8.2582,0.002007,0,0
1787862840.571,277,0.614661,-0.224303,0.647107,0.289,28.009,6,7 8 4 5 1 3,8.2584,0.002007,0,0
1787862840.620,278,0.615402,-0.224317,0.645870,0.265,27.953,6,7 8 4 5 1 3,8.1261,0.001976,0,0
1787862840.672,279,0.614842,-0.225039,0.645742,0.241,27.940,6,7 8 4 5 1 3,8.2095,0.001996,0,0
1787862840.718,280,0.614794,-0.225306,0.645345,0.219,27.903,6,7 8 4 5 1 3,8.1293,0.001977,0,0
1787862840.766,281,0.614167,-0.225165,0.644466,0.187,27.866,6,7 8 4 5 1 3,8.0350,0.001955,0,0
1787862840.812,282,0.615490,-0.225049,0.644611,0.166,27.808,6,7 8 4 5 1 3,8.1375,0.001980,0,0
1787862840.862,283,0.615337,-0.224348,0.645430,0.138,27.765,6,7 8 4 5 1 3,8.3019,0.002019,0,0
1787862840.910,284,0.614720,-0.225342,0.644775,0.112,27.737,6,7 8 4 5 1 3,8.1572,0.001985,0,0
1787862840.958,285,0.614689,-0.225189,0.643475,0.088,27.669,6,7 8 4 5 1 3,8.0336,0.001956,0,0
1787862841.010,286,0.615433,-0.224970,0.643017,0.067,27.593,6,7 8 4 5 1 3,8.0628,0.001963,0,0
1787862841.061,287,0.615655,-0.224980,0.643511,0.043,27.539,6,7 8 4 5 1 3,8.0910,0.001970,0,0
1787862841.110,288,0.615653,-0.225316,0.642956,0.017,27.481,6,7 8 4 5 1 3,8.0866,0.001969,0,0
1787862841.157,289,0.615334,-0.224884,0.642277,-0.012,27.410,6,7 8 4 5 1 3,8.0475,0.001961,0,0
1787862841.206,290,0.615486,-0.225178,0.642324,-0.032,27.350,6,7 8 4 5 1 3,8.0868,0.001970,0,0
1787862841.253,291,0.615759,-0.224746,0.641506,-0.056,27.264,6,7 8 4 5 1 3,8.1274,0.001981,0,0
1787862841.301,292,0.616077,-0.225191,0.641792,-0.084,27.203,6,7 8 4 5 1 3,8.0947,0.001973,0,0
1787862841.350,293,0.615898,-0.225045,0.641464,-0.106,27.130,6,7 8 4 5 1 3,8.0754,0.001968,0,0
1787862841.399,294,0.616030,-0.224602,0.641221,-0.137,27.049,6,7 8 4 5 1 3,8.0420,0.001960,0,0
1787862841.447,295,0.616404,-0.224399,0.640849,-0.159,26.963,6,7 8 4 5 1 3,8.0601,0.001965,0,0
1787862841.495,296,0.616692,-0.224834,0.640723,-0.191,26.896,6,7 8 4 5 1 3,8.0572,0.001965,0,0
1787862841.543,297,0.617281,-0.224410,0.641071,-0.218,26.808,6,7 8 4 5 1 3,8.1191,0.001979,0,0
1787862841.591,298,0.617049,-0.224304,0.640634,-0.237,26.722,6,7 8 4 5 1 3,8.2967,0.002023,0,0
1787862841.640,299,0.617349,-0.224688,0.641213,-0.257,26.640,6,7 8 4 5 1 3,8.3610,0.002038,0,0
1787862841.687,300,0.618827,-0.224432,0.639085,-0.254,26.493,6,7 8 4 5 1 3,8.4900,0.002072,0,0
1787862841.737,301,0.619550,-0.225305,0.639691,-0.275,26.397,6,7 8 4 5 1 3,8.6752,0.002116,0,0
1787862841.782,302,0.621345,-0.225544,0.640000,-0.281,26.229,6,7 8 4 5 1 3,8.0185,0.001956,0,0
1787862841.828,303,0.623395,-0.226971,0.639026,-0.221,26.069,6,7 8 4 5 1 3,8.1796,0.001996,0,0
1787862841.875,304,0.623171,-0.225535,0.637101,-0.205,25.899,6,7 8 4 5 1 3,8.5306,0.002084,0,0
1787862841.917,305,0.621908,-0.207936,0.617483,0.002,25.276,5,7 4 5 1 3,6.0036,0.001624,0,0
1787862841.963,306,0.622080,-0.210833,0.622301,-0.078,25.266,5,7 4 5 1 3,7.4010,0.001996,0,0
1787862842.008,307,0.618831,-0.201457,0.612552,-0.036,24.944,5,7 4 5 1 3,7.4119,0.002010,0,0
1787862842.050,308,0.621261,-0.204469,0.614856,-0.067,24.930,5,7 4 5 1 3,7.0187,0.001901,0,0
1787862842.096,309,0.623385,-0.203387,0.613506,-0.072,24.811,5,7 4 5 1 3,7.1462,0.001937,0,0
1787862842.139,310,0.623111,-0.203598,0.611190,-0.089,24.740,5,7 4 5 1 3,7.1396,0.001937,0,0
1787862842.186,311,0.625609,-0.202842,0.609907,-0.122,24.633,5,7 4 5 1 3,7.1727,0.001948,0,0
1787862842.231,312,0.627592,-0.200886,0.609747,-0.151,24.527,5,7 4 5 1 3,7.2231,0.001961,0,0
1787862842.277,313,0.628427,-0.200484,0.611680,-0.184,24.488,5,7 4 5 1 3,7.1328,0.001935,0,0
1787862842.321,314,0.630310,-0.199409,0.614112,-0.223,24.434,5,7 4 5 1 3,7.0911,0.001921,0,0
1787862842.368,315,0.631374,-0.197958,0.614468,-0.245,24.358,5,7 4 5 1 3,6.9533,0.001883,0,0
1787862842.416,316,0.632864,-0.197107,0.615214,-0.271,24.294,5,7 4 5 1 3,6.8642,0.001859,0,0
1787862842.468,317,0.633557,-0.195787,0.613844,-0.286,24.200,5,7 4 5 1 3,6.9760,0.001890,0,0
1787862842.513,318,0.635075,-0.195281,0.614539,-0.313,24.146,5,7 4 5 1 3,7.0203,0.001901,0,0
1787862842.561,319,0.636212,-0.193755,0.613565,-0.328,24.044,5,7 4 5 1 3,7.0458,0.001909,0,0
1787862842.607,320,0.639210,-0.195324,0.614921,-0.327,24.004,5,7 4 5 1 3,7.1384,0.001933,0,0
1787862842.651,321,0.638600,-0.193689,0.614342,-0.357,23.892,5,7 4 5 1 3,7.1879,0.001947,0,0
1787862842.697,322,0.641199,-0.194095,0.612688,-0.337,23.778,5,7 4 5 1 3,6.9881,0.001895,0,0
1787862842.742,323,0.641900,-0.193880,0.612732,-0.329,23.689,5,7 4 5 1 3,7.9676,0.002160,0,0
1787862842.786,324,0.641071,-0.191820,0.611750,-0.342,23.582,5,7 4 5 1 3,7.5730,0.002054,0,0
1787862842.831,325,0.642157,-0.191709,0.613791,-0.340,23.533,5,7 4 5 1 3,7.0677,0.001915,0,0
1787862842.876,326,0.643730,-0.190870,0.614550,-0.353,23.454,5,7 4 5 1 3,7.0327,0.001905,0,0
1787862842.921,327,0.645340,-0.190266,0.615434,-0.360,23.389,5,7 4 5 1 3,7.1211,0.001928,0,0
1787862842.968,328,0.644339,-0.190900,0.614635,-0.385,23.369,5,7 4 5 1 3,7.0335,0.001905,0,0
1787862843.013,329,0.643813,-0.190909,0.612918,-0.388,23.322,5,7 4 5 1 3,6.9105,0.001873,0,0
1787862843.056,330,0.645761,-0.191363,0.612060,-0.400,23.265,5,7 4 5 1 3,6.7570,0.001833,0,0
1787862843.101,331,0.645533,-0.190869,0.610701,-0.414,23.215,5,7 4 5 1 3,6.7379,0.001829,0,0
1787862843.149,332,0.644882,-0.190291,0.610240,-0.431,23.172,5,7 4 5 1 3,6.7395,0.001830,0,0
1787862843.194,333,0.645723,-0.190727,0.610813,-0.442,23.150,5,7 4 5 1 3,6.6965,0.001817,0,0
1787862843.243,334,0.645406,-0.190603,0.609997,-0.457,23.114,5,7 4 5 1 3,6.8152,0.001850,0,0
1787862843.291,335,0.645546,-0.190980,0.609936,-0.469,23.091,5,7 4 5 1 3,6.8633,0.001864,0,0
1787862843.336,336,0.645204,-0.191080,0.609148,-0.484,23.062,5,7 4 5 1 3,6.7826,0.001842,0,0
1787862843.382,337,0.645336,-0.191528,0.609894,-0.493,23.050,5,7 4 5 1 3,6.7798,0.001841,0,0
1787862843.429,338,0.645494,-0.191061,0.609223,-0.493,23.004,5,7 4 5 1 3,6.7682,0.001838,0,0
1787862843.476,339,0.645640,-0.191097,0.609590,-0.500,22.979,5,7 4 5 1 3,6.7103,0.001822,0,0
1787862843.523,340,0.645297,-0.190824,0.609289,-0.507,22.947,5,7 4 5 1 3,6.7014,0.001820,0,0
1787862843.569,341,0.645897,-0.191290,0.609291,-0.505,22.921,5,7 4 5 1 3,6.6487,0.001806,0,0
1787862843.617,342,0.646462,-0.190631,0.608739,-0.508,22.875,5,7 4 5 1 3,6.6877,0.001817,0,0
1787862843.666,343,0.645631,-0.190721,0.609390,-0.507,22.870,5,7 4 5 1 3,6.7232,0.001826,0,0
1787862843.713,344,0.645907,-0.190889,0.609415,-0.500,22.847,5,7 4 5 1 3,6.7571,0.001835,0,0
1787862843.761,345,0.646720,-0.190810,0.608181,-0.499,22.810,5,7 4 5 1 3,6.7048,0.001822,0,0
1787862843.810,346,0.647116,-0.190634,0.608107,-0.499,22.787,5,7 4 5 1 3,6.6806,0.001816,0,0
1787862843.860,347,0.647662,-0.191329,0.608467,-0.491,22.788,5,7 4 5 1 3,6.6314,0.001802,0,0
1787862843.907,348,0.646629,-0.191013,0.608750,-0.492,22.786,5,7 4 5 1 3,6.6827,0.001816,0,0
1787862843.951,349,0.647393,-0.190493,0.609230,-0.487,22.767,5,7 4 5 1 3,6.6378,0.001803,0,0
1787862844.000,350,0.647854,-0.190300,0.608923,-0.487,22.747,5,7 4 5 1 3,6.6491,0.001806,0,0
1787862844.048,351,0.648693,-0.190303,0.609509,-0.478,22.743,5,7 4 5 1 3,6.6563,0.001808,0,0
1787862844.097,352,0.648755,-0.190531,0.609702,-0.475,22.743,5,7 4 5 1 3,6.6053,0.001794,0,0
1787862844.143,353,0.648710,-0.190378,0.609220,-0.471,22.732,5,7 4 5 1 3,6.6313,0.001801,0,0
1787862844.190,354,0.648960,-0.190619,0.608634,-0.468,22.729,5,7 4 5 1 3,6.6749,0.001814,0,0
1787862844.237,355,0.649067,-0.190782,0.608921,-0.462,22.729,5,7 4 5 1 3,6.6086,0.001795,0,0
1787862844.283,356,0.648510,-0.190822,0.608314,-0.460,22.728,5,7 4 5 1 3,6.6093,0.001796,0,0
1787862844.336,357,0.648239,-0.190797,0.607974,-0.456,22.728,5,7 4 5 1 3,6.5601,0.001783,0,0
1787862844.384,358,0.647826,-0.191210,0.607385,-0.453,22.736,5,7 4 5 1 3,6.5425,0.001779,0,0
1787862844.432,359,0.647637,-0.191270,0.606200,-0.444,22.731,5,7 4 5 1 3,6.5593,0.001784,0,0
1787862844.484,360,0.647504,-0.191557,0.606547,-0.438,22.748,5,7 4 5 1 3,6.6092,0.001798,0,0
1787862844.534,361,0.647203,-0.191396,0.606007,-0.441,22.754,5,7 4 5 1 3,6.5345,0.001778,0,0
1787862844.588,362,0.647415,-0.191206,0.607003,-0.442,22.766,5,7 4 5 1 3,6.6233,0.001801,0,0
1787862844.642,363,0.647213,-0.190537,0.607528,-0.444,22.769,5,7 4 5 1 3,6.6268,0.001802,0,0
1787862844.694,364,0.647449,-0.190131,0.608410,-0.439,22.775,5,7 4 5 1 3,6.6615,0.001810,0,0
1787862844.747,365,0.647385,-0.190035,0.608158,-0.439,22.784,5,7 4 5 1 3,6.6444,0.001806,0,0
1787862844.796,366,0.647581,-0.190098,0.609468,-0.444,22.808,5,7 4 5 1 3,6.7263,0.001827,0,0
1787862844.845,367,0.647460,-0.190328,0.609805,-0.444,22.831,5,7 4 5 1 3,6.7087,0.001822,0,0
1787862844.891,368,0.647946,-0.189730,0.609828,-0.446,22.821,5,7 4 5 1 3,6.7728,0.001839,0,0
1787862844.939,369,0.648575,-0.190305,0.610503,-0.448,22.846,5,7 4 5 1 3,6.7311,0.001827,0,0
1787862844.988,370,0.648888,-0.190066,0.610547,-0.456,22.851,5,7 4 5 1 3,6.7148,0.001823,0,0
1787862845.030,371,0.649145,-0.190508,0.610498,-0.457,22.870,5,7 4 5 1 3,6.7308,0.001827,0,0
1787862845.081,372,0.648747,-0.190134,0.610550,-0.470,22.882,5,7 4 5 1 3,6.7328,0.001827,0,0
1787862845.128,373,0.648836,-0.190061,0.610414,-0.476,22.891,5,7 4 5 1 3,6.7303,0.001827,0,0
1787862845.176,374,0.648489,-0.189738,0.609626,-0.487,22.891,5,7 4 5 1 3,6.6032,0.001793,0,0
1787862845.224,375,0.647562,-0.189537,0.610088,-0.495,22.912,5,7 4 5 1 3,6.7461,0.001832,0,0
1787862845.267,376,0.647942,-0.189871,0.610156,-0.509,22.931,5,7 4 5 1 3,6.6936,0.001817,0,0
1787862845.316,377,0.647668,-0.189413,0.608904,-0.522,22.927,5,7 4 5 1 3,6.7344,0.001830,0,0
1787862845.366,378,0.647486,-0.189951,0.609215,-0.535,22.952,5,7 4 5 1 3,6.7299,0.001828,0,0
1787862845.411,379,0.647789,-0.189916,0.609133,-0.543,22.956,5,7 4 5 1 3,6.5903,0.001790,0,0
1787862845.461,380,0.647515,-0.190162,0.610033,-0.553,22.977,5,7 4 5 1 3,6.7134,0.001823,0,0
1787862845.508,381,0.647884,-0.189785,0.609782,-0.565,22.974,5,7 4 5 1 3,6.6723,0.001812,0,0
1787862845.556,382,0.648098,-0.189688,0.610259,-0.573,22.983,5,7 4 5 1 3,6.7228,0.001825,0,0
1787862845.602,383,0.648510,-0.189422,0.609941,-0.593,22.977,5,7 4 5 1 3,6.6876,0.001816,0,0
1787862845.650,384,0.649120,-0.189737,0.610009,-0.604,22.985,5,7 4 5 1 3,6.7087,0.001821,0,0
1787862845.696,385,0.649143,-0.189415,0.609863,-0.622,22.985,5,7 4 5 1 3,6.7227,0.001825,0,0
1787862845.743,386,0.648938,-0.190070,0.610476,-0.631,23.015,5,7 4 5 1 3,6.7683,0.001837,0,0
1787862845.795,387,0.648436,-0.189611,0.611302,-0.655,23.027,5,7 4 5 1 3,6.7724,0.001837,0,0
1787862845.842,388,0.649669,-0.189739,0.611847,-0.671,23.033,5,7 4 5 1 3,6.7752,0.001838,0,0
1787862845.888,389,0.649513,-0.189137,0.611530,-0.689,23.024,5,7 4 5 1 3,6.8941,0.001870,0,0
1787862845.933,390,0.649777,-0.189143,0.610397,-0.712,23.016,5,7 4 5 1 3,6.7350,0.001828,0,0
1787862845.979,391,0.649571,-0.187999,0.609818,-0.731,22.995,5,7 4 5 1 3,6.7979,0.001846,0,0
1787862846.020,392,0.649839,-0.189041,0.609727,-0.747,23.017,5,7 4 5 1 3,6.6984,0.001819,0,0
1787862846.067,393,0.649879,-0.188857,0.609689,-0.771,23.020,5,7 4 5 1 3,6.7071,0.001821,0,0
1787862846.113,394,0.650884,-0.188431,0.609203,-0.787,22.995,5,7 4 5 1 3,6.7930,0.001845,0,0
1787862846.160,395,0.650776,-0.188634,0.609418,-0.819,23.006,5,7 4 5 1 3,6.7025,0.001820,0,0
1787862846.208,396,0.651689,-0.187831,0.609643,-0.844,22.982,5,7 4 5 1 3,6.7135,0.001823,0,0
1787862846.255,397,0.651895,-0.187336,0.610301,-0.863,22.974,5,7 4 5 1 3,6.7655,0.001837,0,0
1787862846.300,398,0.652630,-0.186827,0.610913,-0.889,22.951,5,7 4 5 1 3,6.8896,0.001870,0,0
1787862846.351,399,0.652987,-0.187075,0.611107,-0.916,22.947,5,7 4 5 1 3,6.9701,0.001891,0,0
1787862846.396,400,0.653752,-0.186375,0.609811,-0.942,22.903,5,7 4 5 1 3,6.9109,0.001877,0,0
1787862846.441,401,0.653864,-0.186316,0.608563,-0.968,22.889,5,7 4 5 1 3,6.8742,0.001868,0,0
1787862846.492,402,0.655280,-0.186826,0.608901,-1.003,22.886,5,7 4 5 1 3,6.8429,0.001859,0,0
1787862846.537,403,0.655647,-0.187108,0.609677,-1.034,22.905,5,7 4 5 1 3,6.8475,0.001859,0,0
1787862846.586,404,0.657046,-0.185739,0.609085,-1.070,22.860,5,7 4 5 1 3,6.8541,0.001862,0,0
1787862846.632,405,0.657898,-0.185752,0.609244,-1.101,22.862,5,7 4 5 1 3,6.8794,0.001869,0,0
1787862846.676,406,0.658766,-0.185651,0.608782,-1.145,22.855,5,7 4 5 1 3,6.8478,0.001860,0,0
1787862846.718,407,0.660148,-0.185903,0.608297,-1.184,22.857,5,7 4 5 1 3,6.8298,0.001856,0,0
1787862846.762,408,0.662225,-0.185280,0.607686,-1.227,22.823,5,7 4 5 1 3,6.7908,0.001846,0,0
1787862846.804,409,0.663561,-0.184550,0.607173,-1.268,22.802,5,7 4 5 1 3,6.7418,0.001833,0,0
1787862846.852,410,0.664348,-0.184810,0.607651,-1.308,22.813,5,7 4 5 1 3,6.7087,0.001824,0,0
1787862846.900,411,0.666216,-0.183691,0.605892,-1.355,22.768,5,7 4 5 1 3,6.7684,0.001842,0,0
1787862846.946,412,0.667113,-0.183903,0.606379,-1.397,22.782,5,7 4 5 1 3,6.7698,0.001842,0,0
1787862846.993,413,0.668451,-0.183157,0.605509,-1.441,22.766,5,7 4 5 1 3,6.7324,0.001832,0,0
1787862847.042,414,0.669674,-0.182777,0.604798,-1.488,22.752,5,7 4 5 1 3,6.7359,0.001834,0,0
1787862847.090,415,0.671613,-0.182375,0.604097,-1.537,22.725,5,7 4 5 1 3,6.6254,0.001804,0,0
1787862847.138,416,0.673067,-0.181870,0.603596,-1.581,22.709,5,7 4 5 1 3,6.7362,0.001835,0,0
1787862847.185,417,0.675773,-0.181477,0.602609,-1.620,22.666,5,7 4 5 1 3,6.7133,0.001830,0,0
1787862847.230,418,0.677226,-0.181036,0.601856,-1.661,22.645,5,7 4 5 1 3,6.7656,0.001845,0,0
1787862847.280,419,0.679597,-0.180139,0.601383,-1.703,22.600,5,7 4 5 1 3,6.7848,0.001851,0,0
1787862847.329,420,0.681979,-0.180060,0.599632,-1.742,22.576,5,7 4 5 1 3,6.7999,0.001856,0,0
1787862847.378,421,0.684739,-0.178925,0.598039,-1.786,22.546,5,7 4 5 1 3,6.6518,0.001817,0,0
1787862847.423,422,0.689484,-0.177554,0.598728,-1.829,22.522,5,7 4 5 1 3,6.6941,0.001828,0,0
1787862847.471,423,0.693734,-0.175900,0.599208,-1.881,22.511,5,7 4 5 1 3,6.7558,0.001845,0,0
1787862847.518,424,0.698814,-0.174420,0.601567,-1.945,22.520,5,7 4 5 1 3,6.8997,0.001882,0,0
1787862847.565,425,0.703136,-0.171058,0.602606,-2.005,22.484,5,7 4 5 1 3,7.0364,0.001918,0,0
1787862847.611,426,0.708464,-0.169948,0.604067,-2.044,22.489,5,7 4 5 1 3,6.9422,0.001891,0,0
1787862847.660,427,0.713117,-0.168580,0.605001,-2.086,22.492,5,7 4 5 1 3,6.9701,0.001897,0,0
1787862847.703,428,0.718469,-0.166346,0.604253,-2.132,22.448,5,7 4 5 1 3,7.0129,0.001910,0,0
1787862847.747,429,0.722543,-0.164346,0.603426,-2.198,22.424,5,7 4 5 1 3,7.0400,0.001918,0,0
1787862847.791,430,0.724483,-0.162110,0.603237,-2.242,22.407,5,7 4 5 1 3,7.2515,0.001976,0,0
1787862847.838,431,0.728598,-0.161384,0.603971,-2.284,22.403,5,7 4 5 1 3,7.1166,0.001938,0,0
1787862847.886,432,0.732740,-0.160297,0.604140,-2.334,22.386,5,7 4 5 1 3,7.2043,0.001962,0,0
1787862847.933,433,0.736553,-0.159967,0.604329,-2.386,22.380,5,7 4 5 1 3,7.1158,0.001938,0,0
1787862847.978,434,0.740184,-0.158802,0.604129,-2.438,22.352,5,7 4 5 1 3,7.1051,0.001935,0,0
1787862848.021,435,0.743791,-0.158265,0.604457,-2.489,22.338,5,7 4 5 1 3,7.1490,0.001947,0,0
1787862848.259,436,0.746678,-0.157124,0.603996,-2.534,22.309,5,7 4 5 1 3,7.1345,0.001943,0,0
1787862848.305,437,0.749038,-0.155950,0.603659,-2.592,22.289,5,7 4 5 1 3,7.1955,0.001960,0,0
1787862848.352,438,0.752754,-0.156131,0.602875,-2.628,22.275,5,7 4 5 1 3,7.1442,0.001947,0,0
1787862848.404,439,0.755101,-0.154943,0.602189,-2.680,22.241,5,7 4 5 1 3,7.1306,0.001944,0,0
1787862848.449,440,0.757692,-0.153720,0.601326,-2.728,22.199,5,7 4 5 1 3,7.3201,0.001997,0,0
1787862848.493,441,0.760956,-0.153287,0.600840,-2.770,22.161,5,7 4 5 1 3,7.1873,0.001961,0,0
1787862848.540,442,0.761254,-0.152287,0.599977,-2.827,22.136,5,7 4 5 1 3,7.2060,0.001967,0,0
1787862848.588,443,0.762503,-0.151329,0.600056,-2.870,22.119,5,7 4 5 1 3,7.1030,0.001939,0,0
1787862848.633,444,0.762848,-0.151059,0.600452,-2.918,22.126,5,7 4 5 1 3,7.0487,0.001923,0,0
1787862848.680,445,0.764338,-0.150861,0.600164,-2.968,22.112,5,7 4 5 1 3,7.0385,0.001921,0,0
1787862848.727,446,0.764744,-0.150128,0.599956,-3.022,22.095,5,7 4 5 1 3,6.9895,0.001908,0,0
1787862848.775,447,0.765231,-0.149734,0.599782,-3.061,22.083,5,7 4 5 1 3,6.8706,0.001876,0,0
1787862848.823,448,0.765693,-0.150064,0.599245,-3.103,22.087,5,7 4 5 1 3,6.8171,0.001861,0,0
1787862848.872,449,0.766625,-0.149617,0.598523,-3.140,22.068,5,7 4 5 1 3,6.8402,0.001868,0,0
1787862848.917,450,0.766777,-0.149410,0.599608,-3.174,22.072,5,7 4 5 1 3,6.7889,0.001853,0,0
1787862848.964,451,0.767455,-0.149368,0.599228,-3.214,22.060,5,7 4 5 1 3,6.8338,0.001866,0,0
1787862849.010,452,0.767196,-0.149654,0.599410,-3.254,22.068,5,7 4 5 1 3,6.8059,0.001858,0,0
1787862849.055,453,0.767625,-0.149994,0.599353,-3.285,22.065,5,7 4 5 1 3,6.7927,0.001855,0,0
1787862849.103,454,0.767695,-0.149854,0.599099,-3.323,22.050,5,7 4 5 1 3,6.8539,0.001872,0,0
1787862849.151,455,0.767104,-0.149831,0.599370,-3.354,22.049,5,7 4 5 1 3,6.8778,0.001878,0,0
1787862849.200,456,0.768345,-0.150121,0.599080,-3.383,22.034,5,7 4 5 1 3,6.8619,0.001874,0,0
1787862849.249,457,0.768547,-0.150729,0.599813,-3.413,22.038,5,7 4 5 1 3,6.9012,0.001884,0,0
1787862849.299,458,0.768486,-0.150632,0.599186,-3.442,22.024,5,7 4 5 1 3,6.8529,0.001871,0,0
1787862849.350,459,0.768950,-0.151117,0.599601,-3.470,22.026,5,7 4 5 1 3,6.8884,0.001881,0,0
1787862849.398,460,0.769679,-0.151720,0.599642,-3.494,22.022,5,7 4 5 1 3,6.8315,0.001865,0,0
1787862849.446,461,0.769937,-0.150865,0.599328,-3.522,21.994,5,7 4 5 1 3,6.8570,0.001872,0,0
1787862849.493,462,0.770444,-0.150770,0.598806,-3.542,21.976,5,7 4 5 1 3,6.8657,0.001875,0,0
1787862849.542,463,0.770600,-0.151006,0.599485,-3.560,21.982,5,7 4 5 1 3,6.8392,0.001867,0,0
1787862849.592,464,0.770988,-0.150215,0.598908,-3.577,21.949,5,7 4 5 1 3,6.8464,0.001870,0,0
1787862849.641,465,0.771846,-0.150111,0.598741,-3.591,21.929,5,7 4 5 1 3,6.8331,0.001866,0,0
1787862849.690,466,0.771080,-0.150713,0.599690,-3.608,21.945,5,7 4 5 1 3,6.8326,0.001865,0,0
1787862849.738,467,0.772059,-0.150538,0.599528,-3.610,21.909,5,7 4 5 1 3,6.8774,0.001878,0,0
1787862849.787,468,0.771853,-0.149766,0.599740,-3.620,21.880,5,7 4 5 1 3,6.8768,0.001877,0,0
1787862849.834,469,0.772508,-0.150126,0.599929,-3.624,21.857,5,7 4 5 1 3,6.8494,0.001870,0,0
1787862849.883,470,0.771691,-0.150096,0.599695,-3.635,21.839,5,7 4 5 1 3,6.9063,0.001885,0,0
1787862849.931,471,0.771984,-0.150025,0.599405,-3.641,21.804,5,7 4 5 1 3,6.8518,0.001871,0,0
1787862849.981,472,0.772035,-0.150804,0.599450,-3.647,21.791,5,7 4 5 1 3,6.8385,0.001867,0,0
1787862850.026,473,0.771398,-0.151306,0.599279,-3.652,21.768,5,7 4 5 1 3,6.8175,0.001861,0,0
1787862850.077,474,0.771487,-0.150178,0.597830,-3.650,21.695,5,7 4 5 1 3,6.7822,0.001853,0,0
1787862850.125,475,0.771454,-0.150736,0.598381,-3.653,21.673,5,7 4 5 1 3,6.7892,0.001855,0,0
1787862850.170,476,0.771819,-0.150601,0.598675,-3.646,21.630,5,7 4 5 1 3,6.7403,0.001841,0,0
1787862850.220,477,0.772524,-0.149996,0.598644,-3.646,21.568,5,7 4 5 1 3,6.7869,0.001854,0,0
1787862850.270,478,0.772863,-0.150334,0.598015,-3.640,21.526,5,7 4 5 1 3,6.7907,0.001855,0,0
1787862850.317,479,0.772852,-0.150732,0.598345,-3.634,21.502,5,7 4 5 1 3,6.8470,0.001870,0,0
1787862850.366,480,0.773882,-0.150757,0.598183,-3.622,21.444,5,7 4 5 1 3,6.8669,0.001876,0,0
1787862850.411,481,0.774108,-0.149941,0.597874,-3.614,21.376,5,7 4 5 1 3,6.8793,0.001880,0,0
1787862850.457,482,0.774216,-0.150007,0.597909,-3.603,21.328,5,7 4 5 1 3,6.8291,0.001866,0,0
1787862850.506,483,0.774958,-0.149868,0.598616,-3.591,21.271,5,7 4 5 1 3,6.8351,0.001867,0,0
1787862850.553,484,0.775769,-0.150127,0.598640,-3.567,21.213,5,7 4 5 1 3,6.9151,0.001889,0,0
1787862850.601,485,0.775848,-0.149931,0.598697,-3.551,21.148,5,7 4 5 1 3,6.8662,0.001875,0,0
1787862850.650,486,0.775901,-0.149149,0.598819,-3.532,21.070,5,7 4 5 1 3,6.8933,0.001883,0,0
1787862850.698,487,0.777309,-0.149120,0.598916,-3.501,20.991,5,7 4 5 1 3,7.0069,0.001914,0,0
1787862850.746,488,0.777631,-0.148503,0.598040,-3.473,20.898,5,7 4 5 1 3,7.0459,0.001925,0,0
1787862850.794,489,0.778310,-0.149023,0.598327,-3.455,20.835,5,7 4 5 1 3,7.0223,0.001918,0,0
1787862850.841,490,0.779335,-0.149046,0.597624,-3.425,20.750,5,7 4 5 1 3,7.0470,0.001926,0,0
1787862850.887,491,0.779217,-0.148737,0.597292,-3.399,20.674,5,7 4 5 1 3,7.0884,0.001937,0,0
1787862850.934,492,0.780459,-0.148675,0.596951,-3.373,20.589,5,7 4 5 1 3,7.1122,0.001944,0,0
1787862850.983,493,0.781411,-0.148879,0.596204,-3.335,20.507,5,7 4 5 1 3,7.0858,0.001938,0,0
1787862851.026,494,0.783342,-0.151575,0.599995,-3.298,20.515,4,7 4 1 3,7.0871,0.002163,0,0
1787862851.072,495,0.784613,-0.150807,0.599014,-3.271,20.403,4,7 4 1 3,7.1616,0.002187,0,0
1787862851.119,496,0.784854,-0.150923,0.597524,-3.239,20.317,4,7 4 1 3,7.0535,0.002155,0,0
1787862851.164,497,0.786205,-0.151064,0.596628,-3.203,20.225,4,7 4 1 3,7.1456,0.002184,0,0
1787862851.208,498,0.787455,-0.150680,0.596220,-3.167,20.127,4,7 4 1 3,7.0473,0.002155,0,0
1787862851.253,499,0.789154,-0.151099,0.595224,-3.127,20.036,4,7 4 1 3,7.3140,0.002238,0,0
1787862851.299,500,0.789727,-0.151086,0.593879,-3.079,19.936,4,7 4 1 3,7.2590,0.002222,0,0
1787862851.345,501,0.792411,-0.152095,0.593184,-3.024,19.846,4,7 4 1 3,7.1727,0.002197,0,0
1787862851.392,502,0.792616,-0.151170,0.591588,-2.987,19.724,4,7 4 1 3,7.1597,0.002195,0,0
1787862851.438,503,0.793770,-0.151352,0.591430,-2.955,19.631,4,7 4 1 3,7.1291,0.002185,0,0
1787862851.483,504,0.796106,-0.152065,0.591638,-2.915,19.562,4,7 4 1 3,7.1918,0.002204,0,0
1787862851.529,505,0.797606,-0.151249,0.590587,-2.883,19.452,4,7 4 1 3,7.3148,0.002243,0,0
1787862851.575,506,0.800251,-0.151424,0.591020,-2.847,19.379,4,7 4 1 3,7.4261,0.002277,0,0
1787862851.620,507,0.981365,0.625498,0.704706,-2.804,5.169,1,7,1.8810,0.001085,1,0
1787862851.662,508,,,,,,0,,,,,
1787862851.704,509,,,,,,0,,,,,
1787862851.747,510,,,,,,0,,,,,
1787862851.790,511,0.824852,-0.166347,0.600861,-1.965,19.372,2,7 4,7.1673,0.003092,0,0
1787862851.836,512,0.795831,-0.150603,0.587442,-2.069,18.843,3,7 4 1,7.7785,0.002759,0,0
1787862851.883,513,0.790954,-0.149844,0.587663,-2.013,18.801,3,7 4 1,7.9401,0.002816,0,0
1787862851.925,514,0.790232,-0.149891,0.588302,-1.966,18.797,3,7 4 1,7.8228,0.002774,0,0
1787862851.967,515,0.785281,-0.150129,0.590018,-1.951,18.804,3,7 4 1,7.7544,0.002747,0,0
1787862852.010,516,0.787617,-0.153828,0.595549,-1.912,18.942,3,7 4 1,7.4857,0.002644,0,0
1787862852.048,517,0.787804,-0.150662,0.592972,-1.848,18.844,3,7 4 1,7.5406,0.002667,0,0
1787862852.093,518,0.786053,-0.149871,0.593430,-1.857,18.827,3,7 4 1,7.8433,0.002773,0,0
1787862852.138,519,0.778862,-0.148443,0.593178,-1.844,18.770,3,7 4 1,7.9668,0.002817,0,0
1787862852.184,520,0.773358,-0.147531,0.592316,-1.843,18.731,3,7 4 1,8.0660,0.002854,0,0
1787862852.229,521,0.776613,-0.147115,0.592168,-1.823,18.718,3,7 4 1,8.0194,0.002837,0,0
1787862852.275,522,0.788135,-0.147302,0.591834,-1.812,18.741,3,7 4 1,7.9358,0.002808,0,0
1787862852.320,523,0.791338,-0.147037,0.590938,-1.785,18.736,3,7 4 1,7.8438,0.002777,0,0
1787862852.364,524,0.783932,-0.145994,0.590242,-1.765,18.673,3,7 4 1,7.8079,0.002765,0,0
1787862852.408,525,0.819193,-0.151595,0.595232,-1.656,19.004,3,7 4 1,6.3610,0.002247,0,0
1787862852.449,526,0.814174,-0.149452,0.592646,-1.661,18.932,3,7 4 1,6.3176,0.002235,0,0
1787862852.493,527,0.838598,-0.152348,0.593878,-1.554,19.190,3,7 4 1,6.1256,0.002165,0,0
1787862852.539,528,0.806462,-0.146046,0.586643,-1.550,18.805,3,7 4 1,7.6087,0.002700,0,0
1787862852.583,529,0.851753,-0.148725,0.590280,-1.483,19.262,3,7 4 1,6.2121,0.002200,0,0
1787862852.628,530,0.808059,-0.144550,0.584518,-1.444,18.808,3,7 4 1,8.2727,0.002939,0,0
1787862852.673,531,0.786707,-0.148174,0.594203,-1.647,18.892,4,7 4 1 0,9.1976,0.002815,0,0
1787862852.718,532,0.784175,-0.133917,0.570753,-1.667,18.345,5,7 4 2 1 0,10.9876,0.003045,0,0
1787862852.764,533,0.784505,-0.133638,0.571148,-1.652,18.370,5,7 4 2 1 0,9.9507,0.002757,0,0
1787862852.808,534,0.785396,-0.133591,0.571332,-1.625,18.401,5,7 4 2 1 0,10.0002,0.002771,0,0
1787862852.853,535,0.786288,-0.133401,0.571362,-1.608,18.425,5,7 4 2 1 0,10.0292,0.002779,0,0
1787862852.896,536,0.787501,-0.133494,0.572676,-1.585,18.472,5,7 4 2 1 0,9.8733,0.002734,0,0
1787862852.941,537,0.787990,-0.132862,0.573327,-1.562,18.492,5,7 4 2 1 0,10.0375,0.002778,0,0
1787862852.986,538,0.789724,-0.133106,0.573518,-1.544,18.541,5,7 4 2 1 0,10.0192,0.002773,0,0
1787862853.026,539,0.791512,-0.133056,0.574781,-1.505,18.591,5,7 4 2 1 0,10.0692,0.002785,0,0
1787862853.072,540,0.792883,-0.133576,0.574753,-1.473,18.647,5,7 4 2 1 0,10.0757,0.002787,0,0
1787862853.119,541,0.794771,-0.133996,0.575461,-1.443,18.713,5,7 4 2 1 0,10.0884,0.002789,0,0
1787862853.168,542,0.798334,-0.137124,0.577894,-1.340,18.853,6,7 6 4 2 1 0,9.2903,0.002342,0,0
1787862853.213,543,0.799709,-0.139646,0.580405,-1.280,19.000,6,7 6 4 2 1 0,9.0720,0.002284,0,0
1787862853.257,544,0.801830,-0.139137,0.578065,-1.251,19.046,6,7 6 4 2 1 0,9.6325,0.002428,0,0
1787862853.300,545,0.802222,-0.139843,0.579139,-1.205,19.123,6,7 6 4 2 1 0,9.6121,0.002421,0,0
1787862853.350,546,0.803677,-0.139143,0.577611,-1.162,19.154,6,7 6 4 2 1 0,9.3963,0.002369,0,0
1787862853.395,547,0.804282,-0.137927,0.577873,-1.131,19.184,6,7 6 4 2 1 0,9.8228,0.002476,0,0
1787862853.440,548,0.803772,-0.140054,0.579205,-1.088,19.280,6,7 6 4 2 1 0,9.8472,0.002480,0,0
1787862853.486,549,0.805206,-0.139180,0.577809,-1.070,19.304,6,7 6 4 2 1 0,9.4617,0.002385,0,0
1787862853.532,550,0.804933,-0.139871,0.578303,-1.057,19.356,6,7 6 4 2 1 0,9.4232,0.002375,0,0
1787862853.575,551,0.804882,-0.140316,0.578481,-1.036,19.399,6,7 6 4 2 1 0,9.3660,0.002360,0,0
1787862853.622,552,0.804942,-0.141320,0.578591,-1.026,19.459,6,7 6 4 2 1 0,9.4597,0.002384,0,0
1787862853.668,553,0.804692,-0.141299,0.578654,-1.015,19.488,6,7 6 4 2 1 0,9.3793,0.002363,0,0
1787862853.715,554,0.805572,-0.142008,0.577947,-1.010,19.544,6,7 6 4 2 1 0,9.2167,0.002323,0,0
1787862853.760,555,0.806150,-0.141614,0.576400,-1.007,19.562,6,7 6 4 2 1 0,9.2208,0.002326,0,0
1787862853.808,556,0.808203,-0.141554,0.576074,-1.004,19.623,6,7 6 4 2 1 0,9.1789,0.002316,0,0
1787862853.852,557,0.808083,-0.141718,0.575257,-1.007,19.652,6,7 6 4 2 1 0,9.1993,0.002322,0,0
1787862853.900,558,0.808247,-0.141142,0.577498,-1.004,19.697,6,7 6 4 2 1 0,9.2455,0.002331,0,0
1787862853.947,559,0.808289,-0.140073,0.579529,-1.011,19.729,6,7 6 4 2 1 0,9.3094,0.002345,0,0
1787862853.994,560,0.807746,-0.139493,0.580068,-1.015,19.751,6,7 6 4 2 1 0,9.2756,0.002335,0,0
1787862854.036,561,0.808505,-0.139333,0.581002,-1.014,19.804,6,7 6 4 2 1 0,9.3116,0.002343,0,0
1787862854.082,562,0.808648,-0.138826,0.579947,-1.032,19.825,6,7 6 4 2 1 0,9.3395,0.002352,0,0
1787862854.128,563,0.810160,-0.139155,0.579511,-1.027,19.891,6,7 6 4 2 1 0,9.2621,0.002333,0,0
1787862854.173,564,0.810519,-0.139043,0.579697,-1.034,19.939,6,7 6 4 2 1 0,9.3448,0.002353,0,0
1787862854.223,565,0.810259,-0.138941,0.579901,-1.041,19.983,6,7 6 4 2 1 0,9.2862,0.002338,0,0
1787862854.271,566,0.811319,-0.138165,0.580421,-1.053,20.031,6,7 6 4 2 1 0,9.2975,0.002340,0,0
1787862854.317,567,0.811828,-0.137831,0.580652,-1.064,20.080,6,7 6 4 2 1 0,9.2810,0.002336,0,0
1787862854.363,568,0.811613,-0.137528,0.581245,-1.081,20.131,6,7 6 4 2 1 0,9.4401,0.002375,0,0
1787862854.410,569,0.811979,-0.137207,0.581155,-1.093,20.184,6,7 6 4 2 1 0,9.4087,0.002368,0,0
1787862854.456,570,0.812571,-0.137817,0.580720,-1.103,20.255,6,7 6 4 2 1 0,9.3560,0.002355,0,0
1787862854.499,571,0.813720,-0.138106,0.581376,-1.118,20.335,6,7 6 4 2 1 0,9.3034,0.002341,0,0
1787862854.546,572,0.812890,-0.137256,0.581400,-1.144,20.357,6,7 6 4 2 1 0,9.3444,0.002351,0,0
1787862854.590,573,0.814587,-0.137355,0.582066,-1.179,20.440,6,7 6 4 2 1 0,9.3947,0.002363,0,0
1787862854.637,574,0.815433,-0.138066,0.581913,-1.206,20.513,6,7 6 4 2 1 0,9.3459,0.002351,0,0
1787862854.684,575,0.815244,-0.138201,0.580933,-1.240,20.554,6,7 6 4 2 1 0,9.3673,0.002357,0,0
1787862854.729,576,0.815638,-0.137848,0.580207,-1.272,20.597,6,7 6 4 2 1 0,9.3413,0.002352,0,0
1787862854.776,577,0.816083,-0.138345,0.580111,-1.310,20.668,6,7 6 4 2 1 0,9.4088,0.002369,0,0
1787862854.824,578,0.816241,-0.139297,0.580925,-1.343,20.750,6,7 6 4 2 1 0,9.3826,0.002361,0,0
1787862854.870,579,0.816568,-0.139762,0.581043,-1.385,20.826,6,7 6 4 2 1 0,9.3915,0.002363,0,0
1787862854.916,580,0.816240,-0.139371,0.580789,-1.430,20.876,6,7 6 4 2 1 0,9.3530,0.002354,0,0
1787862854.963,581,0.816510,-0.139618,0.581132,-1.483,20.950,6,7 6 4 2 1 0,9.3898,0.002363,0,0
1787862855.008,582,0.817938,-0.140256,0.580910,-1.530,21.048,6,7 6 4 2 1 0,9.4984,0.002390,0,0
1787862855.055,583,0.818845,-0.140813,0.580265,-1.581,21.131,6,7 6 4 2 1 0,9.4105,0.002369,0,0
1787862855.101,584,0.818327,-0.140760,0.581553,-1.634,21.203,6,7 6 4 2 1 0,9.4702,0.002383,0,0
1787862855.146,585,0.817651,-0.140175,0.582106,-1.700,21.262,6,7 6 4 2 1 0,9.3999,0.002364,0,0
1787862855.191,586,0.818361,-0.140705,0.582588,-1.756,21.363,6,7 6 4 2 1 0,9.4512,0.002376,0,0
1787862855.241,587,0.818696,-0.141392,0.582021,-1.820,21.451,6,7 6 4 2 1 0,9.4638,0.002380,0,0
1787862855.288,588,0.819021,-0.141709,0.581589,-1.883,21.536,6,7 6 4 2 1 0,9.4771,0.002384,0,0
1787862855.336,589,0.819625,-0.142442,0.581199,-1.951,21.631,6,7 6 4 2 1 0,9.4365,0.002374,0,0
1787862855.382,590,0.820504,-0.143123,0.579789,-2.021,21.725,6,7 6 4 2 1 0,9.4217,0.002373,0,0
1787862855.429,591,0.820611,-0.143199,0.578986,-2.100,21.800,6,7 6 4 2 1 0,9.4335,0.002376,0,0
1787862855.477,592,0.820531,-0.143140,0.581192,-2.171,21.896,6,7 6 4 2 1 0,9.3835,0.002361,0,0
1787862855.524,593,0.821267,-0.143373,0.583073,-2.246,22.006,6,7 6 4 2 1 0,9.4085,0.002365,0,0
1787862855.573,594,0.819926,-0.143843,0.584696,-2.324,22.091,6,7 6 4 2 1 0,9.5200,0.002391,0,0
1787862855.622,595,0.820959,-0.143452,0.585253,-2.402,22.193,6,7 6 4 2 1 0,9.5401,0.002395,0,0
1787862855.672,596,0.819470,-0.143733,0.585177,-2.475,22.259,6,7 6 4 2 1 0,9.4845,0.002382,0,0
1787862855.720,597,0.821565,-0.144303,0.586841,-2.541,22.409,6,7 6 4 2 1 0,9.4262,0.002365,0,0
1787862855.767,598,0.820623,-0.143927,0.585414,-2.632,22.465,6,7 6 4 2 1 0,11.1128,0.002790,0,0
1787862855.809,599,0.824571,-0.144831,0.585628,-2.706,22.643,6,7 6 4 2 1 0,11.0113,0.002764,0,0
1787862855.856,600,,,,,,0,,,,,
1787862855.899,601,,,,,,0,,,,,
1787862855.943,602,0.825994,-0.161722,0.597793,-2.753,23.954,5,6 4 2 1 0,10.2472,0.002800,0,0
1787862855.987,603,0.782156,-0.181438,0.650536,-2.019,24.142,2,4 1,5.2778,0.002217,0,0
1787862856.029,604,0.834374,-0.164327,0.596557,-2.773,24.547,5,6 4 2 1 0,10.3386,0.002827,0,0
1787862856.075,605,0.844515,-0.163791,0.594215,-2.780,24.733,5,6 4 2 1 0,9.8483,0.002696,0,0
1787862856.117,606,0.847539,-0.166398,0.594899,-2.881,24.900,5,6 4 2 1 0,9.7516,0.002669,0,0
1787862856.202,607,0.853131,-0.164466,0.594603,-2.974,24.992,5,6 4 2 1 0,10.0151,0.002741,0,0
1787862856.249,608,0.860319,-0.166716,0.596684,-3.092,25.196,5,6 4 2 1 0,9.7033,0.002653,0,0
1787862856.296,609,0.862430,-0.168084,0.596842,-3.235,25.278,5,6 4 2 1 0,10.0928,0.002759,0,0
1787862856.342,610,0.867967,-0.164035,0.592657,-3.367,25.245,5,6 4 2 1 0,9.7587,0.002674,0,0
1787862856.389,611,0.873955,-0.164500,0.592534,-3.487,25.344,5,6 4 2 1 0,10.0148,0.002744,0,0
1787862856.437,612,0.898453,-0.151382,0.584388,-3.503,25.332,6,7 6 4 2 1 0,9.6830,0.002432,0,0
1787862856.483,613,0.905312,-0.152168,0.585375,-3.660,25.443,6,7 6 4 2 1 0,9.7077,0.002437,0,0
1787862856.528,614,0.912820,-0.149428,0.581985,-3.739,25.439,6,7 6 4 2 1 0,9.1778,0.002308,0,0
1787862856.571,615,0.919807,-0.147727,0.582331,-3.851,25.484,6,7 6 4 2 1 0,9.6449,0.002425,0,0
1787862856.617,616,0.918143,-0.149164,0.582980,-4.021,25.475,6,7 6 4 2 1 0,9.2787,0.002333,0,0
1787862856.662,617,0.925182,-0.147806,0.584052,-4.118,25.537,6,7 6 4 2 1 0,9.5955,0.002411,0,0
1787862856.708,618,0.929074,-0.148677,0.583027,-4.198,25.588,6,7 6 4 2 1 0,9.3898,0.002360,0,0
1787862856.756,619,0.934004,-0.148962,0.583422,-4.305,25.664,6,7 6 4 2 1 0,9.5473,0.002400,0,0
1787862856.800,620,0.936951,-0.147811,0.585115,-4.413,25.713,6,7 6 4 2 1 0,9.5004,0.002386,0,0
1787862856.846,621,0.938346,-0.147234,0.586288,-4.501,25.765,6,7 6 4 2 1 0,9.5033,0.002385,0,0
1787862856.894,622,0.941917,-0.147530,0.584875,-4.602,25.852,6,7 6 4 2 1 0,9.4726,0.002379,0,0
1787862856.937,623,0.943860,-0.148263,0.584302,-4.694,25.935,6,7 6 4 2 1 0,9.4960,0.002386,0,0
1787862856.980,624,0.944581,-0.147690,0.582954,-4.784,25.985,6,7 6 4 2 1 0,9.3499,0.002351,0,0
1787862857.018,625,0.944235,-0.147853,0.583218,-4.870,26.047,6,7 6 4 2 1 0,9.5009,0.002388,0,0
1787862857.063,626,0.944621,-0.148094,0.582553,-4.951,26.117,6,7 6 4 2 1 0,9.5602,0.002404,0,0
1787862857.110,627,0.943655,-0.148528,0.581910,-5.040,26.176,6,7 6 4 2 1 0,9.4743,0.002383,0,0
1787862857.155,628,0.943524,-0.148312,0.582445,-5.123,26.242,6,7 6 4 2 1 0,9.5055,0.002390,0,0
1787862857.201,629,0.942962,-0.147955,0.583265,-5.210,26.301,6,7 6 4 2 1 0,9.4561,0.002377,0,0
1787862857.253,630,0.943456,-0.148352,0.583868,-5.293,26.375,6,7 6 4 2 1 0,9.3692,0.002354,0,0
1787862861.927,631,0.943677,-0.148053,0.583464,-5.383,26.420,6,7 6 4 2 1 0,9.4588,0.002377,0,0
1787862861.976,632,0.943596,-0.148475,0.582643,-5.463,26.461,6,7 6 4 2 1 0,9.4824,0.002384,0,0
1787862862.019,633,0.944293,-0.149454,0.582868,-5.542,26.530,6,7 6 4 2 1 0,9.5068,0.002390,0,0
1787862862.068,634,0.946157,-0.149599,0.582682,-5.625,26.594,6,7 6 4 2 1 0,9.6015,0.002414,0,0
1787862862.118,635,0.946830,-0.150962,0.582069,-5.697,26.658,6,7 6 4 2 1 0,9.4775,0.002384,0,0
1787862862.169,636,0.947119,-0.151273,0.581527,-5.772,26.700,6,7 6 4 2 1 0,9.5090,0.002392,0,0
1787862862.217,637,0.947880,-0.152445,0.580992,-5.845,26.761,6,7 6 4 2 1 0,9.4859,0.002387,0,0
1787862862.267,638,0.948193,-0.153378,0.580462,-5.919,26.815,6,7 6 4 2 1 0,9.5053,0.002393,0,0
1787862862.314,639,0.949484,-0.153703,0.580813,-5.983,26.876,6,7 6 4 2 1 0,9.4660,0.002382,0,0
1787862862.362,640,0.949878,-0.153535,0.580420,-6.060,26.913,6,7 6 4 2 1 0,9.4874,0.002388,0,0
1787862862.408,641,0.949744,-0.154355,0.579805,-6.127,26.955,6,7 6 4 2 1 0,9.4853,0.002389,0,0
1787862862.455,642,0.951177,-0.154274,0.579672,-6.190,27.011,6,7 6 4 2 1 0,9.4777,0.002387,0,0
1787862862.500,643,0.951751,-0.154146,0.579171,-6.251,27.048,6,7 6 4 2 1 0,9.4447,0.002379,0,0
1787862862.549,644,0.951880,-0.155397,0.579109,-6.312,27.110,6,7 6 4 2 1 0,9.4197,0.002373,0,0
1787862862.596,645,0.952788,-0.155776,0.578249,-6.370,27.158,6,7 6 4 2 1 0,9.4829,0.002390,0,0
1787862862.641,646,0.952141,-0.155298,0.578377,-6.436,27.169,6,7 6 4 2 1 0,9.4513,0.002382,0,0
1787862862.689,647,0.952331,-0.156092,0.578322,-6.492,27.217,6,7 6 4 2 1 0,9.4665,0.002386,0,0
1787862862.738,648,0.952328,-0.155767,0.578555,-6.554,27.237,6,7 6 4 2 1 0,9.5018,0.002394,0,0
1787862862.788,649,0.952662,-0.156144,0.578579,-6.611,27.274,6,7 6 4 2 1 0,9.5083,0.002396,0,0
1787862862.837,650,0.953572,-0.156624,0.577370,-6.665,27.309,6,7 6 4 2 1 0,9.5161,0.002399,0,0
1787862862.883,651,0.953001,-0.156460,0.575760,-6.722,27.307,6,7 6 4 2 1 0,9.4396,0.002382,0,0
1787862862.931,652,0.954367,-0.157389,0.575246,-6.779,27.361,6,7 6 4 2 1 0,9.3140,0.002351,0,0
1787862862.983,653,0.955357,-0.158051,0.574262,-6.827,27.400,6,7 6 4 2 1 0,9.3400,0.002359,0,0
1787862863.030,654,0.955164,-0.157844,0.574855,-6.881,27.423,6,7 6 4 2 1 0,9.3927,0.002371,0,0
1787862863.082,655,0.955041,-0.157004,0.574675,-6.939,27.423,6,7 6 4 2 1 0,9.3400,0.002358,0,0
1787862863.127,656,0.955128,-0.156922,0.575350,-6.993,27.447,6,7 6 4 2 1 0,9.3697,0.002365,0,0
1787862863.177,657,0.954730,-0.157329,0.575865,-7.043,27.467,6,7 6 4 2 1 0,9.4498,0.002384,0,0
1787862863.226,658,0.955960,-0.156903,0.577056,-7.106,27.491,6,7 6 4 2 1 0,9.4624,0.002386,0,0
1787862863.274,659,0.956034,-0.157100,0.576781,-7.156,27.491,6,7 6 4 2 1 0,9.5044,0.002397,0,0
1787862863.322,660,0.957162,-0.157000,0.576469,-7.215,27.497,6,7 6 4 2 1 0,9.4281,0.002378,0,0
1787862863.370,661,0.958241,-0.157517,0.576538,-7.271,27.512,6,7 6 4 2 1 0,9.5172,0.002401,0,0
1787862863.417,662,0.958475,-0.157876,0.575970,-7.329,27.499,6,7 6 4 2 1 0,9.5540,0.002411,0,0
1787862863.466,663,0.959541,-0.158461,0.576415,-7.383,27.509,6,7 6 4 2 1 0,9.5716,0.002414,0,0
1787862863.513,664,0.961599,-0.158407,0.576267,-7.448,27.503,6,7 6 4 2 1 0,9.5850,0.002418,0,0
1787862863.560,665,0.963457,-0.159309,0.576759,-7.506,27.519,6,7 6 4 2 1 0,9.6180,0.002426,0,0
1787862863.605,666,0.966494,-0.159623,0.576931,-7.564,27.526,6,7 6 4 2 1 0,9.5054,0.002397,0,0
1787862863.653,667,0.967968,-0.159455,0.578044,-7.612,27.520,6,7 6 4 2 1 0,9.6599,0.002435,0,0
1787862863.698,668,0.972863,-0.161272,0.578963,-7.660,27.616,6,7 6 4 2 1 0,9.7220,0.002449,0,0
1787862863.744,669,1.010000,-0.171731,0.590368,-7.381,28.467,3,7 4 1,7.4800,0.002649,0,0
1787862863.787,670,1.001981,-0.165853,0.583589,-7.334,28.301,4,7 4 2 1,8.1195,0.002499,0,0
1787862863.833,671,0.987776,-0.163493,0.577468,-7.610,28.119,5,7 4 2 1 0,10.9749,0.003031,0,0
1787862863.878,672,0.994274,-0.165768,0.575633,-7.632,28.264,6,7 6 4 2 1 0,9.5186,0.002402,0,0
1787862863.924,673,0.993623,-0.171251,0.576808,-7.579,28.376,6,7 6 4 2 1 0,9.0182,0.002274,0,0
1787862863.969,674,1.003098,-0.169322,0.574430,-7.621,28.365,6,7 6 4 2 1 0,9.4708,0.002392,0,0
1787862864.012,675,1.006462,-0.169855,0.572525,-7.668,28.320,6,7 6 4 2 1 0,9.7247,0.002458,0,0
1787862864.058,676,1.012124,-0.172021,0.570631,-7.725,28.302,6,7 6 4 2 1 0,9.6882,0.002451,0,0
1787862864.104,677,1.016369,-0.173516,0.568408,-7.805,28.228,6,7 6 4 2 1 0,9.4936,0.002405,0,0
1787862864.151,678,1.022029,-0.178319,0.570378,-7.870,28.241,6,7 6 4 2 1 0,9.4409,0.002389,0,0
1787862864.196,679,1.021969,-0.177586,0.567092,-8.018,27.987,6,7 6 4 2 1 0,9.8039,0.002485,0,0
1787862864.243,680,1.031438,-0.176233,0.565265,-8.186,27.806,5,7 4 2 1 0,10.0228,0.002786,0,0
1787862864.290,681,1.031527,-0.177152,0.563783,-8.321,27.575,5,7 4 2 1 0,10.1733,0.002830,0,0
1787862864.335,682,0.976870,-0.199205,0.585189,-7.898,27.233,3,7 4 1,6.4137,0.002278,0,0
1787862864.382,683,1.040956,-0.177252,0.561629,-8.611,27.188,5,7 4 2 1 0,10.7570,0.002995,0,0
1787862864.430,684,1.044557,-0.183800,0.565042,-8.598,27.222,6,7 6 4 2 1 0,9.7923,0.002485,0,0
1787862864.478,685,1.046420,-0.184972,0.564358,-8.665,27.122,6,7 6 4 2 1 0,9.9063,0.002515,0,0
1787862864.523,686,1.049821,-0.186248,0.562942,-8.717,27.076,6,7 6 4 2 1 0,10.0098,0.002543,0,0
1787862864.569,687,1.052734,-0.187729,0.563628,-8.742,27.072,6,7 6 4 2 1 0,9.9129,0.002517,0,0
1787862864.614,688,1.053118,-0.189354,0.562117,-8.753,27.029,6,7 6 4 2 1 0,9.7475,0.002477,0,0
1787862864.660,689,1.053881,-0.190426,0.563185,-8.774,27.025,6,7 6 4 2 1 0,9.6671,0.002455,0,0
1787862864.703,690,1.053936,-0.191348,0.561653,-8.796,26.991,6,7 6 4 2 1 0,9.6749,0.002459,0,0
1787862864.753,691,1.054202,-0.193070,0.562093,-8.815,27.003,6,7 6 4 2 1 0,9.6248,0.002446,0,0
1787862864.808,692,1.052982,-0.194157,0.562263,-8.835,26.996,6,7 6 4 2 1 0,9.4775,0.002408,0,0
1787862864.863,693,1.052422,-0.194433,0.562474,-8.857,26.988,6,7 6 4 2 1 0,9.4687,0.002406,0,0
1787862864.918,694,1.051720,-0.194119,0.563210,-8.892,26.980,6,7 6 4 2 1 0,9.4299,0.002395,0,0
1787862864.971,695,1.050313,-0.193406,0.562970,-8.923,26.948,6,7 6 4 2 1 0,9.4309,0.002396,0,0
1787862865.021,696,1.050090,-0.193560,0.562838,-8.955,26.948,6,7 6 4 2 1 0,9.4631,0.002404,0,0
1787862865.077,697,1.049745,-0.194105,0.562181,-8.979,26.949,6,7 6 4 2 1 0,9.3971,0.002388,0,0
1787862865.127,698,1.050474,-0.194336,0.561395,-9.013,26.948,6,7 6 4 2 1 0,9.3727,0.002383,0,0
1787862865.182,699,1.050395,-0.194378,0.561282,-9.047,26.940,6,7 6 4 2 1 0,9.4053,0.002391,0,0
1787862865.239,700,1.050440,-0.194559,0.561562,-9.093,26.942,6,7 6 4 2 1 0,9.3789,0.002384,0,0
1787862865.295,701,1.050526,-0.194097,0.562511,-9.138,26.936,6,7 6 4 2 1 0,9.3574,0.002378,0,0
1787862865.348,702,1.050951,-0.193895,0.562016,-9.178,26.923,6,7 6 4 2 1 0,9.3243,0.002370,0,0
1787862865.402,703,1.050366,-0.194143,0.561677,-9.230,26.916,6,7 6 4 2 1 0,9.4235,0.002395,0,0
1787862865.456,704,1.051295,-0.193845,0.561227,-9.282,26.910,6,7 6 4 2 1 0,9.3959,0.002389,0,0
1787862865.508,705,1.050974,-0.195073,0.561825,-9.333,26.935,6,7 6 4 2 1 0,9.3523,0.002377,0,0
1787862865.559,706,1.051291,-0.195542,0.560955,-9.391,26.937,6,7 6 4 2 1 0,9.3207,0.002370,0,0
1787862865.615,707,1.051247,-0.195931,0.561068,-9.452,26.946,6,7 6 4 2 1 0,9.4113,0.002393,0,0
1787862865.671,708,1.051445,-0.196045,0.561195,-9.518,26.955,6,7 6 4 2 1 0,9.3808,0.002385,0,0
1787862865.723,709,1.051003,-0.196304,0.561168,-9.575,26.962,6,7 6 4 2 1 0,9.4024,0.002391,0,0
1787862865.777,710,1.050437,-0.196078,0.560108,-9.641,26.946,6,7 6 4 2 1 0,9.2911,0.002364,0,0
1787862865.832,711,1.050047,-0.196700,0.560104,-9.701,26.963,6,7 6 4 2 1 0,9.4216,0.002397,0,0
1787862865.889,712,1.051364,-0.196919,0.559634,-9.770,26.987,6,7 6 4 2 1 0,9.4164,0.002396,0,0
1787862865.940,713,1.051151,-0.197522,0.559278,-9.843,27.005,6,7 6 4 2 1 0,9.3480,0.002379,0,0
1787862865.989,714,1.050729,-0.197841,0.559250,-9.914,27.026,6,7 6 4 2 1 0,9.3737,0.002386,0,0
1787862866.034,715,1.051607,-0.197025,0.560031,-10.001,27.039,6,7 6 4 2 1 0,9.3632,0.002382,0,0
1787862866.081,716,1.050744,-0.197010,0.559579,-10.079,27.041,6,7 6 4 2 1 0,9.2753,0.002360,0,0
1787862866.129,717,1.050607,-0.196371,0.561302,-10.166,27.057,6,7 6 4 2 1 0,9.4059,0.002391,0,0
1787862866.179,718,1.051062,-0.196575,0.560641,-10.252,27.073,6,7 6 4 2 1 0,9.4131,0.002394,0,0
1787862866.225,719,1.051219,-0.196474,0.560570,-10.337,27.090,6,7 6 4 2 1 0,9.4611,0.002406,0,0
1787862866.271,720,1.050610,-0.196040,0.561084,-10.436,27.096,6,7 6 4 2 1 0,9.5525,0.002429,0,0
1787862866.318,721,1.051392,-0.196452,0.560984,-10.525,27.135,6,7 6 4 2 1 0,9.5091,0.002418,0,0
1787862866.366,722,1.052297,-0.196780,0.559990,-10.628,27.161,6,7 6 4 2 1 0,9.4760,0.002411,0,0
1787862866.415,723,1.051604,-0.196954,0.559544,-10.727,27.182,6,7 6 4 2 1 0,9.3997,0.002392,0,0
1787862866.463,724,1.051944,-0.197355,0.559477,-10.822,27.219,6,7 6 4 2 1 0,9.4147,0.002396,0,0
1787862866.509,725,1.052434,-0.197369,0.559084,-10.931,27.247,6,7 6 4 2 1 0,9.4618,0.002408,0,0
1787862866.556,726,1.052624,-0.197490,0.558741,-11.046,27.273,6,7 6 4 2 1 0,9.3689,0.002385,0,0
1787862866.600,727,1.052889,-0.198197,0.558357,-11.151,27.320,6,7 6 4 2 1 0,9.5144,0.002423,0,0
1787862866.647,728,1.054241,-0.198046,0.557781,-11.264,27.363,6,7 6 4 2 1 0,9.4043,0.002395,0,0
1787862866.695,729,1.055345,-0.198203,0.557111,-11.380,27.408,6,7 6 4 2 1 0,9.4628,0.002411,0,0
1787862866.743,730,1.056567,-0.198576,0.556813,-11.495,27.472,6,7 6 4 2 1 0,9.5378,0.002430,0,0
1787862866.787,731,1.060085,-0.195958,0.553723,-11.619,27.498,6,7 6 4 2 1 0,9.0758,0.002316,0,0
1787862866.833,732,1.058768,-0.197524,0.555903,-11.678,27.631,6,7 6 4 2 1 0,9.9863,0.002546,0,0
1787862866.880,733,1.062726,-0.199101,0.558901,-11.773,27.825,6,7 6 4 2 1 0,9.3437,0.002378,0,0
1787862866.926,734,1.060763,-0.200157,0.558061,-11.854,27.891,6,7 6 4 2 1 0,9.4749,0.002413,0,0
1787862866.973,735,1.059244,-0.199010,0.557944,-12.001,27.921,6,7 6 4 2 1 0,9.6953,0.002469,0,0
1787862867.015,736,1.054426,-0.221321,0.586219,-11.912,28.692,4,7 4 1 0,9.3793,0.002883,0,0
1787862867.057,737,1.065097,-0.201473,0.555566,-12.236,28.210,5,7 4 2 1 0,10.6113,0.002964,0,0
1787862867.104,738,1.065527,-0.205576,0.555929,-12.242,28.345,6,7 6 4 2 1 0,9.4140,0.002400,0,0
1787862867.151,739,1.067355,-0.210531,0.555238,-12.378,28.481,6,7 6 4 2 1 0,9.4132,0.002401,0,0
1787862867.198,740,1.069249,-0.210976,0.555379,-12.499,28.507,6,7 6 4 2 1 0,9.0985,0.002320,0,0
1787862867.245,741,1.099637,-0.223417,0.572555,-12.318,29.265,5,7 6 4 2 1,6.3640,0.001762,0,0
1787862867.290,742,1.100790,-0.227028,0.573114,-12.434,29.358,5,7 6 4 2 1,6.1267,0.001696,0,0
1787862867.336,743,1.100235,-0.228978,0.572738,-12.525,29.377,5,7 6 4 2 1,6.1285,0.001697,0,0
1787862867.383,744,1.099120,-0.227370,0.566573,-12.640,29.246,4,7 4 2 1,5.9116,0.001836,0,0
1787862867.428,745,1.100479,-0.223572,0.570427,-12.815,29.197,4,7 6 4 2,7.1915,0.002229,0,0
1787862867.479,746,1.100838,-0.232915,0.570864,-12.869,29.393,5,7 6 4 2 1,6.7499,0.001871,0,0
1787862867.526,747,1.096761,-0.234403,0.570144,-13.035,29.342,5,7 6 4 2 1,6.7687,0.001876,0,0
1787862867.574,748,1.093019,-0.233232,0.566371,-13.169,29.186,5,7 6 4 2 1,6.4888,0.001802,0,0
1787862867.621,749,1.090051,-0.236557,0.567331,-13.302,29.198,5,7 6 4 2 1,6.6337,0.001842,0,0
1787862867.667,750,1.090422,-0.235151,0.564599,-13.373,29.110,5,7 6 4 2 1,6.7124,0.001866,0,0
1787862867.714,751,1.092122,-0.234747,0.565629,-13.446,29.092,5,7 6 4 2 1,6.5264,0.001814,0,0
1787862867.761,752,1.091432,-0.235650,0.565044,-13.509,29.069,5,7 6 4 2 1,6.4947,0.001805,0,0
1787862867.808,753,1.092253,-0.236285,0.565914,-13.566,29.065,5,7 6 4 2 1,6.4261,0.001785,0,0
1787862867.858,754,1.091096,-0.236941,0.564357,-13.621,29.023,5,7 6 4 2 1,6.4255,0.001787,0,0
1787862867.906,755,1.091842,-0.236713,0.563609,-13.662,28.987,5,7 6 4 2 1,6.3835,0.001776,0,0
1787862867.954,756,1.092389,-0.236345,0.564099,-13.709,28.960,5,7 6 4 2 1,6.2673,0.001743,0,0
1787862868.002,757,1.091469,-0.236163,0.563746,-13.736,28.915,5,7 6 4 2 1,6.3142,0.001756,0,0
1787862868.048,758,1.091014,-0.235752,0.563797,-13.763,28.873,5,7 6 4 2 1,6.2810,0.001747,0,0
1787862868.096,759,1.091236,-0.235678,0.565287,-13.772,28.863,5,7 6 4 2 1,6.3179,0.001756,0,0
1787862868.145,760,1.091547,-0.235567,0.565611,-13.785,28.841,5,7 6 4 2 1,6.3123,0.001754,0,0
1787862868.192,761,1.091130,-0.235326,0.566168,-13.784,28.812,5,7 6 4 2 1,6.2849,0.001746,0,0
1787862868.239,762,1.089745,-0.234370,0.565461,-13.785,28.747,5,7 6 4 2 1,6.1908,0.001720,0,0
1787862868.286,763,1.089951,-0.233143,0.566174,-13.780,28.698,5,7 6 4 2 1,6.1873,0.001719,0,0
1787862868.334,764,1.090199,-0.232618,0.566900,-13.755,28.662,5,7 6 4 2 1,6.2602,0.001738,0,0
1787862868.379,765,1.088799,-0.232107,0.566782,-13.729,28.605,5,7 6 4 2 1,6.3221,0.001756,0,0
1787862868.427,766,1.089758,-0.231645,0.566645,-13.695,28.568,5,7 6 4 2 1,6.2423,0.001734,0,0
1787862868.475,767,1.089734,-0.231335,0.566636,-13.661,28.525,5,7 6 4 2 1,6.2663,0.001740,0,0
1787862868.525,768,1.089585,-0.230483,0.566389,-13.598,28.475,5,7 6 4 2 1,6.2455,0.001735,0,0
1787862868.572,769,1.089350,-0.229997,0.566254,-13.541,28.426,5,7 6 4 2 1,6.2677,0.001741,0,0
1787862868.618,770,1.089001,-0.229081,0.566453,-13.473,28.368,5,7 6 4 2 1,6.3110,0.001753,0,0
1787862868.668,771,1.088024,-0.227884,0.567036,-13.396,28.292,5,7 6 4 2 1,6.2846,0.001745,0,0
1787862868.714,772,1.089034,-0.228303,0.567602,-13.306,28.262,5,7 6 4 2 1,6.2949,0.001747,0,0
1787862868.760,773,1.088345,-0.227522,0.565154,-13.217,28.159,5,7 6 4 2 1,6.3382,0.001762,0,0
1787862868.808,774,1.088141,-0.226605,0.566856,-13.110,28.090,5,7 6 4 2 1,6.3953,0.001776,0,0
1787862868.858,775,1.087284,-0.225283,0.567439,-13.008,27.981,5,7 6 4 2 1,6.5097,0.001807,0,0
1787862868.906,776,1.087939,-0.225372,0.565459,-12.887,27.882,5,7 6 4 2 1,6.5928,0.001832,0,0
1787862868.954,777,1.087636,-0.224718,0.564484,-12.744,27.750,5,7 6 4 2 1,6.8412,0.001902,0,0
1787862868.999,778,1.090287,-0.225528,0.564109,-12.605,27.675,5,7 6 4 2 1,6.6653,0.001854,0,0
1787862869.046,779,1.098754,-0.230378,0.569240,-12.429,27.787,5,7 6 4 2 1,6.4492,0.001789,0,0
1787862869.092,780,1.190835,-0.153833,0.524842,-12.952,26.783,2,7 4,5.2414,0.002351,0,0
1787862869.136,781,1.097326,-0.229009,0.559367,-12.046,27.173,4,7 4 2 1,7.0518,0.002198,0,0
1787862869.178,782,,,,,,0,,,,,
1787862869.222,783,1.639371,-0.143163,0.734753,-12.991,36.320,1,7,1.3495,0.000765,1,0
1787862869.262,784,1.104473,-0.223696,0.556523,-11.520,26.303,4,7 4 2 1,5.6041,0.001749,0,0
1787862869.309,785,1.098590,-0.232179,0.555900,-11.391,26.194,4,7 4 2 1,6.1709,0.001927,0,0
1787862869.357,786,1.105965,-0.232669,0.562496,-11.131,26.196,5,7 6 4 2 1,5.9399,0.001653,0,0
1787862869.404,787,1.110266,-0.238362,0.563254,-10.951,26.240,5,7 6 4 2 1,5.6203,0.001564,0,0
1787862869.451,788,1.109112,-0.239752,0.561522,-10.770,26.134,5,7 6 4 2 1,6.1949,0.001725,0,0
1787862869.496,789,1.108953,-0.240766,0.558315,-10.553,26.004,5,7 6 4 2 1,6.2744,0.001750,0,0
1787862869.543,790,1.107339,-0.242885,0.556578,-10.351,25.911,5,7 6 4 2 1,6.6326,0.001852,0,0
1787862869.586,791,1.105291,-0.241490,0.553742,-10.157,25.756,5,7 6 4 2 1,6.5147,0.001821,0,0
1787862869.634,792,1.104279,-0.241116,0.555572,-9.931,25.683,5,7 6 4 2 1,6.4749,0.001809,0,0
1787862869.687,793,1.104835,-0.240994,0.557746,-9.721,25.634,5,7 6 4 2 1,6.4886,0.001810,0,0
1787862869.732,794,1.104762,-0.240849,0.557885,-9.500,25.560,5,7 6 4 2 1,6.4781,0.001807,0,0
1787862869.780,795,1.105027,-0.240796,0.556983,-9.279,25.476,5,7 6 4 2 1,6.4565,0.001802,0,0
1787862869.827,796,1.104723,-0.239297,0.558448,-9.058,25.375,5,7 6 4 2 1,6.5739,0.001834,0,0
1787862869.875,797,1.105433,-0.240053,0.560637,-8.831,25.335,5,7 6 4 2 1,6.6773,0.001860,0,0
1787862869.926,798,1.106177,-0.238422,0.559645,-8.620,25.219,5,7 6 4 2 1,6.6913,0.001865,0,0
1787862869.970,799,1.106684,-0.238391,0.559712,-8.391,25.141,5,7 6 4 2 1,6.6672,0.001858,0,0
1787862870.017,800,1.085973,-0.231108,0.547536,-8.455,24.522,6,7 6 4 2 1 0,9.4498,0.002420,0,0
1787862870.064,801,1.084489,-0.229674,0.546183,-8.246,24.379,6,7 6 4 2 1 0,9.1822,0.002353,0,0
1787862870.111,802,1.084583,-0.229056,0.547461,-8.030,24.301,6,7 6 4 2 1 0,9.1367,0.002339,0,0
1787862870.160,803,1.084180,-0.228449,0.547220,-7.804,24.208,6,7 6 4 2 1 0,9.1737,0.002349,0,0
1787862870.204,804,1.084765,-0.228185,0.546819,-7.577,24.140,6,7 6 4 2 1 0,9.1488,0.002343,0,0
1787862870.254,805,1.084558,-0.228370,0.546659,-7.353,24.070,6,7 6 4 2 1 0,9.1265,0.002338,0,0
1787862870.299,806,1.084263,-0.228060,0.546050,-7.136,23.987,6,7 6 4 2 1 0,9.0886,0.002329,0,0
1787862870.347,807,1.083621,-0.227777,0.545685,-6.921,23.905,6,7 6 4 2 1 0,9.1124,0.002335,0,0
1787862870.395,808,1.083056,-0.227497,0.546868,-6.706,23.833,6,7 6 4 2 1 0,9.1080,0.002333,0,0
1787862870.443,809,1.082744,-0.226616,0.547720,-6.493,23.755,6,7 6 4 2 1 0,9.1108,0.002333,0,0
1787862870.490,810,1.082609,-0.226374,0.546776,-6.284,23.674,6,7 6 4 2 1 0,8.9972,0.002305,0,0
1787862870.540,811,1.082231,-0.226094,0.546850,-6.081,23.592,6,7 6 4 2 1 0,9.1080,0.002333,0,0
1787862870.590,812,1.082624,-0.225824,0.546587,-5.881,23.522,6,7 6 4 2 1 0,9.2459,0.002368,0,0
1787862870.637,813,1.083472,-0.224280,0.546624,-5.711,23.425,6,7 6 4 2 1 0,9.3680,0.002400,0,0
1787862870.685,814,1.082746,-0.224402,0.545732,-5.523,23.331,6,7 6 4 2 1 0,9.3167,0.002388,0,0
1787862870.732,815,1.083017,-0.223490,0.545512,-5.343,23.229,6,7 6 4 2 1 0,9.2404,0.002368,0,0
1787862870.779,816,1.083927,-0.223130,0.545096,-5.168,23.133,6,7 6 4 2 1 0,9.9080,0.002540,0,0
1787862870.826,817,1.080725,-0.223427,0.545870,-4.998,23.013,6,7 6 4 2 1 0,9.2563,0.002372,0,0
1787862870.874,818,1.093375,-0.230478,0.541220,-4.761,23.125,3,4 2 1,6.4981,0.002361,0,0
1787862870.918,819,,,,,,0,,,,,
1787862870.967,820,1.095847,-0.223670,0.548385,-4.460,22.656,4,7 4 2 1,6.6374,0.002081,0,0
1787862871.011,821,,,,,,0,,,,,
1787862871.059,822,1.146056,-0.224968,0.562502,-4.468,23.151,3,7 4 1,6.9240,0.002488,0,0
1787862871.108,823,1.156118,-0.213290,0.550924,-4.302,22.813,3,7 4 1,7.5747,0.002738,0,0
1787862871.156,824,,,,,,0,,,,,
1787862871.204,825,,,,,,0,,,,,
1787862871.249,826,1.020042,-0.206968,0.543057,-3.599,21.293,2,7 4,5.8783,0.002613,0,0
1787862871.293,827,1.086358,-0.204457,0.537468,-3.586,22.225,5,7 4 2 1 0,9.2437,0.002606,0,0
1787862871.338,828,1.090021,-0.209929,0.546429,-3.345,22.491,6,7 6 4 2 1 0,9.0824,0.002327,0,0
1787862871.385,829,1.091611,-0.208810,0.545459,-3.197,22.460,6,7 6 4 2 1 0,10.1720,0.002607,0,0
1787862871.433,830,1.087411,-0.204539,0.536474,-3.135,22.177,5,7 4 2 1 0,9.4317,0.002660,0,0
1787862871.481,831,1.086604,-0.204561,0.536113,-3.043,22.078,5,7 4 2 1 0,9.4126,0.002656,0,0
1787862871.529,832,1.086340,-0.204582,0.535832,-2.966,21.968,5,7 4 2 1 0,9.4007,0.002653,0,0
1787862871.579,833,1.086336,-0.204130,0.535078,-2.903,21.827,5,7 4 2 1 0,9.2723,0.002617,0,0
1787862871.631,834,1.086168,-0.204951,0.534714,-2.830,21.719,5,7 4 2 1 0,9.3527,0.002640,0,0
1787862871.682,835,1.085310,-0.205534,0.533862,-2.767,21.596,5,7 4 2 1 0,9.3814,0.002650,0,0
1787862871.729,836,1.085059,-0.205512,0.533958,-2.721,21.471,5,7 4 2 1 0,9.2993,0.002626,0,0
1787862871.777,837,1.085158,-0.204810,0.532587,-2.657,21.340,5,7 4 2 1 0,10.3908,0.002937,0,0
1787862871.824,838,1.155444,-0.212192,0.551650,-2.325,22.536,3,7 4 1,6.9111,0.002497,0,0
1787862871.876,839,1.160547,-0.212119,0.551725,-2.272,22.500,3,7 4 1,6.9254,0.002502,0,0
1787862871.923,840,1.164677,-0.212652,0.554296,-2.219,22.487,3,7 4 1,6.9275,0.002500,0,0
1787862871.970,841,1.163467,-0.211782,0.552906,-2.187,22.344,3,7 4 1,7.0116,0.002532,0,0
1787862872.017,842,1.157936,-0.212431,0.553047,-2.145,22.175,3,7 4 1,7.0509,0.002546,0,0
1787862872.063,843,1.151946,-0.212379,0.553065,-2.148,21.979,3,7 4 1,7.0073,0.002530,0,0
1787862872.110,844,1.158075,-0.212391,0.552642,-2.147,21.974,3,7 4 1,6.9974,0.002527,0,0
1787862875.486,845,1.152407,-0.212629,0.551219,-2.140,21.802,3,7 4 1,6.9340,0.002506,0,0
1787862875.536,846,1.155116,-0.211382,0.551490,-2.142,21.737,3,7 4 1,6.9611,0.002516,0,0
1787862875.584,847,1.151785,-0.211778,0.552005,-2.161,21.619,3,7 4 1,6.9779,0.002521,0,0
1787862875.632,848,1.153102,-0.211182,0.552560,-2.193,21.551,3,7 4 1,6.9579,0.002513,0,0
1787862875.678,849,1.151470,-0.211667,0.553473,-2.256,21.445,3,7 4 1,7.1400,0.002578,0,0
1787862875.725,850,1.149028,-0.210885,0.554382,-2.338,21.304,3,7 4 1,7.1152,0.002567,0,0
1787862875.770,851,1.146079,-0.210711,0.553710,-2.425,21.158,3,7 4 1,6.9535,0.002510,0,0
1787862875.821,852,1.139516,-0.209472,0.553271,-2.524,20.935,3,7 4 1,7.1771,0.002591,0,0
1787862875.868,853,1.149023,-0.209910,0.554438,-2.639,20.967,3,7 4 1,7.1240,0.002570,0,0
1787862875.912,854,1.145745,-0.209943,0.553899,-2.770,20.814,3,7 4 1,7.0998,0.002562,0,0
1787862875.958,855,1.151965,-0.209698,0.555542,-2.908,20.773,3,7 4 1,7.2596,0.002618,0,0
1787862876.006,856,1.143657,-0.210068,0.554643,-3.066,20.576,3,7 4 1,7.2553,0.002618,0,0
1787862876.049,857,1.152191,-0.208381,0.553484,-3.215,20.496,3,7 4 1,7.5769,0.002735,0,0
1787862876.096,858,1.104348,-0.219154,0.560211,-3.424,20.254,3,7 4 1,5.6005,0.002015,0,0
1787862876.141,859,1.108685,-0.218363,0.560676,-3.624,20.158,4,7 4 3 1,5.8007,0.001807,0,0
1787862876.186,860,1.054150,-0.221324,0.558857,-3.939,19.781,3,7 4 1,5.7732,0.002078,0,0
1787862876.230,861,1.092152,-0.215207,0.560658,-4.073,19.714,3,7 4 3,5.2007,0.001871,0,0
1787862876.271,862,,,,,,0,,,,,
1787862876.318,863,,,,,,0,,,,,
1787862876.362,864,0.865082,0.732045,0.738737,-2.582,10.578,1,7,0.3543,0.000200,1,0
1787862876.406,865,0.861754,0.803003,0.800189,-2.281,13.302,1,7,1.7718,0.000967,1,0
1787862876.449,866,,,,,,0,,,,,
1787862876.495,867,,,,,,0,,,,,
1787862876.538,868,,,,,,0,,,,,
1787862876.579,869,,,,,,0,,,,,
1787862876.623,870,,,,,,0,,,,,
1787862876.722,871,1.041464,-0.736556,0.792271,-8.840,36.699,1,7,1.3280,0.000729,1,0
1787862876.766,872,1.086442,-0.282892,0.590627,-8.221,22.027,3,7 8 5,7.0245,0.002487,0,0
1787862876.811,873,0.955450,-0.224647,0.620108,-8.441,21.790,6,7 8 4 5 1 3,7.6317,0.001881,0,0
1787862876.864,874,0.952482,-0.213719,0.617846,-8.623,21.794,6,7 8 4 5 1 3,9.2319,0.002279,0,0
1787862876.911,875,0.935684,-0.215210,0.626020,-8.800,22.249,6,7 8 4 5 1 3,9.2510,0.002273,0,0
1787862876.957,876,0.932983,-0.210901,0.629690,-8.940,22.381,6,7 8 4 5 1 3,9.0294,0.002215,0,0
1787862877.002,877,0.926057,-0.209858,0.634694,-9.030,22.667,6,7 8 4 5 1 3,8.6085,0.002106,0,0
1787862877.048,878,0.923091,-0.209804,0.636086,-9.108,22.899,6,7 8 4 5 1 3,8.9173,0.002180,0,0
1787862877.098,879,0.919771,-0.208651,0.637751,-9.178,23.132,6,7 8 4 5 1 3,8.3128,0.002030,0,0
1787862877.149,880,0.918763,-0.208303,0.638966,-9.185,23.309,6,7 8 4 5 1 3,8.5498,0.002087,0,0
1787862877.195,881,0.914834,-0.207706,0.639981,-9.212,23.489,6,7 8 4 5 1 3,8.4909,0.002071,0,0
1787862877.241,882,0.914604,-0.208435,0.638770,-9.180,23.569,6,7 8 4 5 1 3,8.6124,0.002102,0,0
1787862877.286,883,0.914785,-0.208048,0.638541,-9.127,23.598,6,7 8 4 5 1 3,8.6715,0.002117,0,0
1787862877.334,884,0.913279,-0.208188,0.638173,-9.083,23.606,6,7 8 4 5 1 3,8.4004,0.002051,0,0
1787862877.383,885,0.911778,-0.208318,0.638315,-9.043,23.586,6,7 8 4 5 1 3,8.2627,0.002017,0,0
1787862877.431,886,0.910368,-0.207572,0.638908,-8.981,23.500,6,7 8 4 5 1 3,8.3504,0.002038,0,0
1787862877.481,887,0.908115,-0.207301,0.638922,-8.901,23.379,6,7 8 4 5 1 3,8.3563,0.002039,0,0
1787862877.531,888,0.906934,-0.206926,0.639092,-8.800,23.182,6,7 8 4 5 1 3,8.5381,0.002084,0,0
1787862877.579,889,0.903471,-0.207359,0.639465,-8.700,22.995,6,7 8 4 5 1 3,8.2736,0.002019,0,0
1787862877.628,890,0.902580,-0.207005,0.639580,-8.571,22.719,6,7 8 4 5 1 3,8.3664,0.002041,0,0
1787862877.676,891,0.897913,-0.207114,0.640844,-8.458,22.472,6,7 8 4 5 1 3,8.2926,0.002022,0,0
1787862877.722,892,0.893536,-0.205375,0.640775,-8.325,22.128,6,7 8 4 5 1 3,8.4248,0.002054,0,0
1787862877.770,893,0.891189,-0.205307,0.641026,-8.168,21.746,6,7 8 4 5 1 3,8.4650,0.002064,0,0
1787862877.819,894,0.886182,-0.204229,0.640508,-8.010,21.332,6,7 8 4 5 1 3,8.5007,0.002073,0,0
1787862877.866,895,0.883154,-0.203330,0.641682,-7.834,20.867,6,7 8 4 5 1 3,8.7404,0.002130,0,0
1787862877.913,896,0.879098,-0.199480,0.640365,-7.632,20.286,6,7 8 4 5 1 3,8.7216,0.002127,0,0
1787862877.962,897,0.894641,-0.204636,0.636981,-7.405,19.510,5,7 8 4 5 3,9.2903,0.002486,0,0
1787862878.006,898,0.880378,-0.232905,0.654826,-7.369,19.855,4,7 8 4 5,8.8320,0.002617,0,0
1787862878.052,899,0.876497,-0.233510,0.653876,-7.166,19.259,4,7 8 4 5,9.0162,0.002673,0,0
1787862878.100,900,0.872556,-0.240775,0.661932,-6.965,18.789,4,7 8 4 5,10.7930,0.003186,0,0
1787862878.144,901,0.909593,-0.103311,0.625907,-6.044,13.933,2,7 8,8.4501,0.003597,0,0
1787862878.185,902,,,,,,0,,,,,
1787862878.226,903,,,,,,0,,,,,
1787862878.269,904,,,,,,0,,,,,
1787862878.311,905,,,,,,0,,,,,
1787862878.354,906,,,,,,0,,,,,
1787862878.396,907,,,,,,0,,,,,
1787862878.439,908,,,,,,0,,,,,
1787862878.482,909,,,,,,0,,,,,
1787862878.525,910,,,,,,0,,,,,
1787862878.569,911,,,,,,0,,,,,
1787862878.612,912,,,,,,0,,,,,
1787862878.657,913,0.171889,0.383941,0.886391,4.049,34.343,1,7,2.7506,0.001426,1,0
1787862878.701,914,,,,,,0,,,,,
1787862878.744,915,0.094013,0.228794,0.912723,3.180,34.533,1,7,1.0013,0.000511,1,0
1787862878.788,916,0.259533,0.114571,0.704242,0.589,26.214,1,7,1.6334,0.000942,1,0
1787862878.831,917,0.217562,0.202630,0.743044,1.827,28.806,1,7,1.2545,0.000708,1,0
1787862878.876,918,0.306323,0.216468,0.692384,1.155,26.464,1,7,1.5883,0.000922,1,0
1787862878.920,919,0.988692,-0.412900,0.567131,-2.271,2.375,1,7,0.7177,0.000446,1,0
1787862878.964,920,0.768275,-0.298414,0.550914,-1.953,6.486,1,7,0.8336,0.000522,1,0
1787862879.004,921,0.677438,-0.332353,0.579435,-2.128,8.681,1,7,0.2627,0.000162,1,0
1787862879.044,922,0.492628,-0.226261,0.583990,-1.899,14.453,1,7,0.6609,0.000407,1,0
1787862879.089,923,0.511230,-0.188535,0.572491,-1.624,14.229,1,7,0.5022,0.000311,1,0
1787862879.136,924,0.542497,-0.203260,0.566420,-1.546,13.158,1,7,0.4224,0.000262,1,0
1787862879.180,925,0.560582,-0.172384,0.559103,-1.392,13.164,1,7,0.7089,0.000442,1,0
1787862879.225,926,0.546777,-0.178116,0.565761,-1.487,13.406,1,7,0.5115,0.000318,1,0
1787862879.272,927,0.569445,-0.174522,0.560144,-1.418,12.973,1,7,0.4868,0.000303,1,0
1787862879.322,928,0.551288,-0.158486,0.561631,-1.432,13.704,1,7,0.5534,0.000345,1,0
1787862879.369,929,0.542987,-0.113289,0.558435,-1.276,14.864,1,7,0.4818,0.000301,1,0
1787862879.415,930,0.586607,-0.130786,0.548905,-1.331,13.726,1,7,0.5703,0.000357,1,0
1787862879.460,931,0.605967,-0.108371,0.540039,-1.220,14.011,1,7,0.1667,0.000105,1,0
1787862879.507,932,1.323389,0.066394,0.567100,-1.559,20.840,1,7,0.6649,0.000413,1,0
1787862879.549,933,0.142833,-0.086442,0.856156,-1.651,27.034,1,7,1.2737,0.000673,1,0
1787862879.594,934,0.276718,-0.081515,0.717361,-1.577,22.666,1,7,1.7076,0.000978,1,0
1787862879.636,935,0.344474,-0.061399,0.657448,-1.086,21.394,1,7,1.1486,0.000680,1,0
1787862879.680,936,,,,,,0,,,,,
1787862879.723,937,0.330327,-0.112188,0.668826,-1.359,21.144,1,7,1.0461,0.000615,1,0
1787862879.768,938,0.383389,0.007585,0.623976,-1.913,22.267,1,7,1.3453,0.000811,1,0
1787862879.813,939,0.601685,-0.077981,0.531941,-1.578,16.606,1,7,0.7090,0.000448,1,0
1787862879.858,940,0.579006,-0.133993,0.539937,-1.585,15.563,1,7,0.4469,0.000281,1,0
1787862879.907,941,0.568658,-0.128665,0.544173,-1.741,15.768,1,7,0.6193,0.000389,1,0
1787862879.955,942,0.579410,-0.132090,0.541792,-1.734,15.392,1,7,0.5025,0.000316,1,0
1787862880.001,943,0.587216,-0.121858,0.539196,-1.796,15.293,1,7,0.6587,0.000415,1,0
1787862880.041,944,0.576362,-0.133869,0.546008,-1.937,14.926,1,7,0.3954,0.000248,1,0
1787862880.086,945,0.572969,-0.135403,0.542184,-2.017,14.644,1,7,0.5509,0.000346,1,0
1787862880.133,946,0.567341,-0.127964,0.545634,-2.292,14.499,1,7,0.6353,0.000399,1,0
1787862880.177,947,0.608754,-0.115514,0.530479,-2.390,13.551,1,7,0.4750,0.000300,1,0
1787862880.220,948,0.470479,-0.066855,0.574570,-2.484,16.949,1,7,1.1506,0.000712,1,0
1787862880.263,949,,,,,,0,,,,,
1787862880.306,950,,,,,,0,,,,,
1787862880.348,951,,,,,,0,,,,,
1787862880.391,952,,,,,,0,,,,,
1787862880.432,953,,,,,,0,,,,,
1787862880.473,954,,,,,,0,,,,,
1787862880.517,955,,,,,,0,,,,,
1787862880.559,956,,,,,,0,,,,,
1787862880.601,957,,,,,,0,,,,,
1787862880.645,958,,,,,,0,,,,,
1787862880.688,959,,,,,,0,,,,,
1787862880.733,960,,,,,,0,,,,,
1787862880.773,961,,,,,,0,,,,,
1787862880.815,962,,,,,,0,,,,,
1787862880.859,963,,,,,,0,,,,,
1787862880.903,964,,,,,,0,,,,,
1787862880.945,965,,,,,,0,,,,,
1787862880.995,966,,,,,,0,,,,,
1787862881.035,967,0.686709,-0.082171,0.650507,-8.870,23.350,2,4 5,5.8359,0.002452,0,0
1787862881.078,968,0.734908,-0.086678,0.622548,-8.375,23.405,3,7 4 5,6.3023,0.002194,0,0
1787862881.125,969,0.754907,-0.163076,0.656445,-8.714,26.084,5,7 4 5 1 3,6.9651,0.001845,0,0
1787862881.174,970,0.752024,-0.161833,0.654738,-8.836,26.784,5,7 4 5 1 3,7.3387,0.001945,0,0
1787862881.220,971,0.748599,-0.162293,0.656665,-9.009,27.489,5,7 4 5 1 3,7.2122,0.001910,0,0
1787862881.269,972,0.746105,-0.162726,0.655042,-9.137,28.083,5,7 4 5 1 3,7.1902,0.001906,0,0
1787862881.319,973,0.742234,-0.164177,0.655261,-9.309,28.687,5,7 4 5 1 3,7.0777,0.001876,0,0
1787862881.369,974,0.741045,-0.164708,0.656337,-9.478,29.209,5,7 4 5 1 3,6.9816,0.001849,0,0
1787862881.422,975,0.739077,-0.165165,0.656221,-9.672,29.686,5,7 4 5 1 3,7.0027,0.001855,0,0
1787862881.469,976,0.736118,-0.165180,0.658422,-9.850,30.143,5,7 4 5 1 3,7.2425,0.001916,0,0
1787862881.519,977,0.733166,-0.164495,0.658922,-10.040,30.535,5,7 4 5 1 3,7.1423,0.001889,0,0
1787862881.567,978,0.727377,-0.166846,0.660790,-10.268,31.016,5,7 4 5 1 3,7.3228,0.001935,0,0
1787862881.614,979,0.701920,-0.160307,0.667368,-10.431,31.568,2,7 4,6.9594,0.002897,0,0
1787862881.661,980,0.714590,-0.165564,0.663912,-10.969,31.892,5,7 4 5 1 3,6.4165,0.001692,0,0
1787862881.707,981,0.704439,-0.124114,0.647160,-11.150,31.271,3,7 4 5,7.3477,0.002525,0,0
1787862881.755,982,0.860729,-0.144216,0.656901,-11.209,30.336,2,7 4,7.7758,0.003255,0,0
1787862881.802,983,0.803759,-0.072837,0.620738,-11.382,29.277,2,7 4,7.8035,0.003331,0,0
1787862881.848,984,0.689444,-0.171590,0.680020,-12.354,33.902,5,7 4 5 1 3,7.5104,0.001964,0,0
1787862881.898,985,0.680785,-0.173141,0.683732,-12.550,34.284,5,7 4 5 1 3,7.6329,0.001992,0,0
1787862881.951,986,0.671700,-0.172544,0.682694,-12.679,34.498,5,7 4 5 1 3,8.0656,0.002106,0,0
1787862881.998,987,0.668619,-0.176952,0.683640,-12.817,34.779,5,7 4 5 1 3,7.4951,0.001956,0,0
1787862882.051,988,0.663555,-0.177303,0.684846,-12.919,34.976,5,7 4 5 1 3,7.1961,0.001876,0,0
1787862882.103,989,0.660309,-0.178714,0.684809,-12.993,35.157,5,7 4 5 1 3,7.1731,0.001870,0,0
1787862882.154,990,0.656620,-0.180799,0.683876,-13.065,35.345,5,7 4 5 1 3,7.0681,0.001844,0,0
1787862882.207,991,0.654393,-0.183105,0.684462,-13.139,35.531,5,7 4 5 1 3,7.1162,0.001856,0,0
1787862882.257,992,0.652140,-0.184417,0.684306,-13.207,35.699,5,7 4 5 1 3,7.0703,0.001844,0,0
1787862882.307,993,0.650109,-0.185435,0.683775,-13.254,35.856,5,7 4 5 1 3,6.9757,0.001820,0,0
1787862882.354,994,0.649178,-0.187498,0.684507,-13.286,36.038,5,7 4 5 1 3,6.9636,0.001816,0,0
1787862882.405,995,0.648497,-0.187828,0.684496,-13.317,36.183,5,7 4 5 1 3,7.0008,0.001826,0,0
1787862882.458,996,0.648184,-0.188888,0.685596,-13.345,36.349,5,7 4 5 1 3,6.9931,0.001823,0,0
1787862882.511,997,0.648659,-0.188448,0.685813,-13.372,36.461,5,7 4 5 1 3,6.9753,0.001818,0,0
1787862882.561,998,0.648395,-0.190023,0.686032,-13.387,36.601,5,7 4 5 1 3,6.8689,0.001790,0,0
1787862882.613,999,0.648602,-0.190759,0.685935,-13.397,36.706,5,7 4 5 1 3,6.8728,0.001791,0,0
1787862882.664,1000,0.649253,-0.191355,0.686751,-13.408,36.811,5,7 4 5 1 3,6.8617,0.001787,0,0
1787862882.716,1001,0.649147,-0.191365,0.686182,-13.421,36.895,5,7 4 5 1 3,6.8479,0.001784,0,0
1787862882.768,1002,0.650027,-0.192385,0.686215,-13.441,36.995,5,7 4 5 1 3,6.8671,0.001789,0,0
1787862882.816,1003,0.650184,-0.192080,0.686329,-13.446,37.056,5,7 4 5 1 3,6.7635,0.001762,0,0
1787862882.871,1004,0.650577,-0.192798,0.686801,-13.451,37.131,5,7 4 5 1 3,6.7860,0.001768,0,0
1787862882.924,1005,0.650363,-0.193513,0.686548,-13.455,37.200,5,7 4 5 1 3,6.8404,0.001782,0,0
1787862882.973,1006,0.651026,-0.192595,0.686849,-13.458,37.230,5,7 4 5 1 3,6.7722,0.001764,0,0
1787862883.021,1007,0.650974,-0.192324,0.686886,-13.467,37.271,5,7 4 5 1 3,6.7386,0.001755,0,0
1787862883.074,1008,0.650789,-0.192909,0.687644,-13.471,37.334,5,7 4 5 1 3,6.8226,0.001776,0,0
1787862883.125,1009,0.651000,-0.192508,0.686880,-13.466,37.348,5,7 4 5 1 3,6.7866,0.001768,0,0
1787862883.177,1010,0.651305,-0.191485,0.688432,-13.476,37.383,5,7 4 5 1 3,6.7939,0.001768,0,0
1787862883.229,1011,0.651851,-0.190826,0.689079,-13.470,37.402,5,7 4 5 1 3,6.6927,0.001741,0,0
1787862883.279,1012,0.651318,-0.191483,0.689044,-13.471,37.445,5,7 4 5 1 3,6.7856,0.001765,0,0
1787862883.330,1013,0.651505,-0.191603,0.689461,-13.462,37.472,5,7 4 5 1 3,6.8514,0.001782,0,0
1787862883.383,1014,0.651421,-0.190510,0.689685,-13.464,37.475,5,7 4 5 1 3,6.8273,0.001776,0,0
1787862883.437,1015,0.651977,-0.190502,0.690710,-13.463,37.504,5,7 4 5 1 3,6.8585,0.001783,0,0
1787862883.488,1016,0.651590,-0.189986,0.690333,-13.452,37.513,5,7 4 5 1 3,6.8554,0.001782,0,0
1787862883.540,1017,0.652288,-0.190039,0.690581,-13.452,37.527,5,7 4 5 1 3,6.8966,0.001793,0,0
1787862883.591,1018,0.651570,-0.190579,0.690520,-13.442,37.558,5,7 4 5 1 3,6.7901,0.001765,0,0
1787862883.638,1019,0.651891,-0.191116,0.689949,-13.432,37.566,5,7 4 5 1 3,6.7914,0.001766,0,0
1787862883.693,1020,0.651537,-0.191440,0.689156,-13.416,37.572,5,7 4 5 1 3,6.7547,0.001757,0,0
1787862883.743,1021,0.651733,-0.193044,0.688731,-13.403,37.596,5,7 4 5 1 3,6.8836,0.001791,0,0
1787862883.795,1022,0.652220,-0.191464,0.689602,-13.390,37.579,5,7 4 5 1 3,6.8262,0.001775,0,0
1787862883.847,1023,0.653064,-0.191399,0.689912,-13.382,37.576,5,7 4 5 1 3,6.8747,0.001788,0,0
1787862883.898,1024,0.653566,-0.190930,0.690370,-13.376,37.576,5,7 4 5 1 3,6.9146,0.001798,0,0
1787862883.948,1025,0.653750,-0.190834,0.690360,-13.359,37.568,5,7 4 5 1 3,6.9769,0.001814,0,0
1787862883.996,1026,0.653960,-0.190763,0.690304,-13.339,37.560,5,7 4 5 1 3,6.9188,0.001799,0,0
1787862884.048,1027,0.653573,-0.191135,0.691066,-13.329,37.576,5,7 4 5 1 3,6.9733,0.001812,0,0
1787862884.098,1028,0.653975,-0.191195,0.690270,-13.305,37.555,5,7 4 5 1 3,6.8655,0.001785,0,0
1787862884.150,1029,0.653469,-0.191646,0.689560,-13.282,37.553,5,7 4 5 1 3,6.8935,0.001793,0,0
1787862884.199,1030,0.653165,-0.192013,0.689244,-13.252,37.541,5,7 4 5 1 3,6.8101,0.001771,0,0
1787862884.249,1031,0.652577,-0.191968,0.689476,-13.234,37.539,5,7 4 5 1 3,6.7862,0.001765,0,0
1787862884.299,1032,0.652738,-0.192209,0.689009,-13.202,37.519,5,7 4 5 1 3,6.8158,0.001773,0,0
1787862884.350,1033,0.652449,-0.192450,0.688186,-13.174,37.501,5,7 4 5 1 3,6.7906,0.001767,0,0
1787862884.398,1034,0.652866,-0.192518,0.688534,-13.145,37.484,5,7 4 5 1 3,6.8164,0.001774,0,0
1787862884.446,1035,0.652534,-0.192836,0.688201,-13.111,37.471,5,7 4 5 1 3,6.7545,0.001758,0,0
1787862884.496,1036,0.652848,-0.191726,0.688348,-13.078,37.426,5,7 4 5 1 3,6.7965,0.001769,0,0
1787862884.553,1037,0.653006,-0.192520,0.688797,-13.053,37.425,5,7 4 5 1 3,6.7165,0.001748,0,0
1787862884.603,1038,0.652788,-0.192155,0.688596,-13.020,37.394,5,7 4 5 1 3,6.7859,0.001766,0,0
1787862884.651,1039,0.653953,-0.191878,0.688850,-12.976,37.355,5,7 4 5 1 3,6.7916,0.001767,0,0
1787862884.703,1040,0.654123,-0.192148,0.688384,-12.935,37.327,5,7 4 5 1 3,6.8469,0.001782,0,0
1787862884.755,1041,0.654727,-0.192073,0.688654,-12.898,37.302,5,7 4 5 1 3,6.8169,0.001774,0,0
1787862884.807,1042,0.656480,-0.192010,0.688276,-12.852,37.263,5,7 4 5 1 3,6.7964,0.001769,0,0
1787862884.854,1043,0.657727,-0.191302,0.688074,-12.805,37.210,5,7 4 5 1 3,6.8180,0.001775,0,0
1787862884.908,1044,0.658646,-0.190586,0.687984,-12.752,37.167,5,7 4 5 1 3,6.9012,0.001796,0,0
1787862884.957,1045,0.659642,-0.190531,0.688040,-12.701,37.129,5,7 4 5 1 3,6.8057,0.001772,0,0
1787862885.006,1046,0.660663,-0.190185,0.685955,-12.635,37.059,5,7 4 5 1 3,6.9744,0.001818,0,0
1787862885.055,1047,0.661971,-0.190274,0.685509,-12.577,37.005,5,7 4 5 1 3,6.9033,0.001799,0,0
1787862885.106,1048,0.663864,-0.190516,0.684322,-12.506,36.933,5,7 4 5 1 3,7.0564,0.001841,0,0
1787862885.154,1049,0.665001,-0.190423,0.683810,-12.440,36.875,5,7 4 5 1 3,6.9116,0.001803,0,0
1787862885.208,1050,0.667715,-0.190078,0.683713,-12.366,36.805,5,7 4 5 1 3,6.9782,0.001821,0,0
1787862885.260,1051,0.670404,-0.189348,0.683531,-12.294,36.738,5,7 4 5 1 3,6.8795,0.001795,0,0
1787862885.309,1052,0.673145,-0.188627,0.683841,-12.235,36.684,5,7 4 5 1 3,6.9195,0.001805,0,0
1787862885.356,1053,0.676352,-0.187639,0.684290,-12.168,36.628,5,7 4 5 1 3,6.8703,0.001792,0,0
1787862885.406,1054,0.678899,-0.186905,0.684626,-12.108,36.585,5,7 4 5 1 3,6.9553,0.001814,0,0
1787862885.457,1055,0.681316,-0.186416,0.685015,-12.050,36.543,5,7 4 5 1 3,6.8211,0.001778,0,0
1787862885.508,1056,0.683664,-0.185814,0.685285,-11.992,36.503,5,7 4 5 1 3,6.8303,0.001781,0,0
1787862885.560,1057,0.686230,-0.185248,0.684663,-11.932,36.456,5,7 4 5 1 3,6.8222,0.001779,0,0
1787862885.611,1058,0.689376,-0.184238,0.683838,-11.868,36.381,5,7 4 5 1 3,6.7872,0.001771,0,0
1787862885.661,1059,0.692352,-0.183899,0.683044,-11.810,36.337,5,7 4 5 1 3,6.8362,0.001784,0,0
1787862885.710,1060,0.694782,-0.182754,0.682668,-11.742,36.279,5,7 4 5 1 3,6.8251,0.001782,0,0
1787862885.761,1061,0.698044,-0.181223,0.683142,-11.680,36.219,5,7 4 5 1 3,6.8801,0.001796,0,0
1787862885.811,1062,0.699924,-0.179666,0.683307,-11.623,36.169,5,7 4 5 1 3,6.8209,0.001780,0,0
1787862885.861,1063,0.702708,-0.178422,0.683217,-11.564,36.111,5,7 4 5 1 3,6.8291,0.001782,0,0
1787862885.911,1064,0.704856,-0.176776,0.682865,-11.498,36.044,5,7 4 5 1 3,6.8187,0.001780,0,0
1787862885.960,1065,0.706609,-0.175293,0.682891,-11.439,35.981,5,7 4 5 1 3,6.8622,0.001791,0,0
1787862886.009,1066,0.708170,-0.174523,0.683568,-11.379,35.944,5,7 4 5 1 3,6.8722,0.001793,0,0
1787862886.057,1067,0.710510,-0.173287,0.683013,-11.315,35.873,5,7 4 5 1 3,6.8188,0.001780,0,0
1787862886.107,1068,0.712921,-0.172463,0.683170,-11.243,35.810,5,7 4 5 1 3,6.8473,0.001787,0,0
1787862886.161,1069,0.714878,-0.170700,0.683203,-11.179,35.731,5,7 4 5 1 3,6.8575,0.001790,0,0
1787862886.211,1070,0.717193,-0.169564,0.682730,-11.105,35.649,5,7 4 5 1 3,6.8345,0.001784,0,0
1787862886.262,1071,0.718808,-0.168288,0.682268,-11.036,35.575,5,7 4 5 1 3,6.9584,0.001817,0,0
1787862886.313,1072,0.721014,-0.166881,0.681847,-10.962,35.480,5,7 4 5 1 3,6.9153,0.001806,0,0
1787862886.367,1073,0.722579,-0.165222,0.681568,-10.888,35.386,5,7 4 5 1 3,6.8190,0.001781,0,0
1787862886.415,1074,0.724754,-0.164540,0.681953,-10.818,35.310,5,7 4 5 1 3,6.8666,0.001793,0,0
1787862886.466,1075,0.726270,-0.163347,0.682120,-10.742,35.222,5,7 4 5 1 3,6.9275,0.001809,0,0
1787862886.516,1076,0.727782,-0.162668,0.681235,-10.664,35.129,5,7 4 5 1 3,6.8601,0.001792,0,0
1787862886.564,1077,0.729885,-0.161768,0.681581,-10.581,35.037,5,7 4 5 1 3,6.8729,0.001795,0,0
1787862886.616,1078,0.731954,-0.161025,0.681407,-10.502,34.933,5,7 4 5 1 3,6.9984,0.001828,0,0
1787862886.665,1079,0.734447,-0.159862,0.681228,-10.412,34.818,5,7 4 5 1 3,6.9992,0.001829,0,0
1787862886.715,1080,0.737729,-0.159365,0.681119,-10.326,34.705,5,7 4 5 1 3,6.9930,0.001827,0,0
1787862886.764,1081,0.740016,-0.158252,0.680860,-10.242,34.581,5,7 4 5 1 3,7.0250,0.001836,0,0
1787862886.813,1082,0.742913,-0.157719,0.680075,-10.144,34.449,5,7 4 5 1 3,7.0861,0.001853,0,0
1787862886.866,1083,0.744755,-0.158247,0.679063,-10.044,34.335,5,7 4 5 1 3,7.0983,0.001857,0,0
1787862886.914,1084,0.747950,-0.157855,0.677050,-9.950,34.177,5,7 4 5 1 3,6.9979,0.001833,0,0
1787862886.962,1085,0.749889,-0.158383,0.674875,-9.843,34.030,5,7 4 5 1 3,7.0431,0.001847,0,0
1787862887.009,1086,0.751962,-0.158353,0.673413,-9.736,33.876,5,7 4 5 1 3,7.1100,0.001866,0,0
1787862887.058,1087,0.754248,-0.157364,0.672635,-9.623,33.701,5,7 4 5 1 3,7.2477,0.001903,0,0
1787862887.106,1088,0.755595,-0.157825,0.672427,-9.527,33.575,5,7 4 5 1 3,7.1395,0.001874,0,0
1787862887.154,1089,0.757944,-0.156851,0.671472,-9.418,33.402,5,7 4 5 1 3,7.1658,0.001882,0,0
1787862887.203,1090,0.760047,-0.155226,0.672315,-9.317,33.248,5,7 4 5 1 3,7.0977,0.001864,0,0
1787862887.252,1091,0.762468,-0.154154,0.671954,-9.213,33.084,5,7 4 5 1 3,7.0388,0.001848,0,0
1787862887.302,1092,0.764218,-0.154079,0.671829,-9.114,32.950,5,7 4 5 1 3,7.2382,0.001901,0,0
1787862887.351,1093,0.766671,-0.153752,0.670022,-9.007,32.783,5,7 4 5 1 3,7.2535,0.001907,0,0
1787862887.398,1094,0.768286,-0.152991,0.669092,-8.905,32.622,5,7 4 5 1 3,7.0860,0.001864,0,0
1787862887.446,1095,0.770260,-0.151732,0.667983,-8.794,32.427,5,7 4 5 1 3,7.2257,0.001902,0,0
1787862887.493,1096,0.771161,-0.151520,0.668403,-8.688,32.278,5,7 4 5 1 3,7.2205,0.001900,0,0
1787862887.543,1097,0.772695,-0.151741,0.668060,-8.574,32.114,5,7 4 5 1 3,7.2363,0.001904,0,0
1787862887.590,1098,0.773820,-0.151805,0.667730,-8.464,31.949,5,7 4 5 1 3,7.2084,0.001897,0,0
1787862887.638,1099,0.775568,-0.152027,0.666004,-8.342,31.763,5,7 4 5 1 3,7.2012,0.001897,0,0
1787862887.685,1100,0.777085,-0.151379,0.665286,-8.223,31.560,5,7 4 5 1 3,7.2283,0.001905,0,0
1787862887.737,1101,0.778056,-0.151841,0.664997,-8.097,31.388,5,7 4 5 1 3,7.3121,0.001928,0,0
1787862887.787,1102,0.778686,-0.150647,0.663785,-7.967,31.161,5,7 4 5 1 3,7.3972,0.001951,0,0
1787862887.830,1103,0.780863,-0.150658,0.663195,-7.841,30.960,5,7 4 5 1 3,7.3506,0.001940,0,0
1787862887.878,1104,0.783485,-0.149670,0.663269,-7.698,30.737,5,7 4 5 1 3,7.3052,0.001928,0,0
1787862887.922,1105,0.784612,-0.149127,0.662636,-7.563,30.527,5,7 4 5 1 3,7.3305,0.001935,0,0
1787862887.969,1106,0.786382,-0.149288,0.661306,-7.430,30.313,5,7 4 5 1 3,7.4520,0.001968,0,0
1787862888.014,1107,0.788902,-0.149838,0.660771,-7.278,30.110,5,7 4 5 1 3,7.5207,0.001987,0,0
1787862888.059,1108,0.790264,-0.149729,0.658942,-7.124,29.871,5,7 4 5 1 3,7.5917,0.002008,0,0
1787862888.106,1109,0.792321,-0.149071,0.657421,-6.971,29.626,5,7 4 5 1 3,7.4611,0.001975,0,0
1787862888.150,1110,0.793336,-0.150514,0.657294,-6.817,29.433,5,7 4 5 1 3,9.2532,0.002449,0,0
1787862888.198,1111,0.796878,-0.152146,0.659827,-6.588,29.243,4,7 4 1 3,6.7835,0.002005,0,0
1787862888.242,1112,0.796411,-0.151600,0.658924,-6.445,28.980,4,7 4 1 3,7.3206,0.002165,0,0
1787862888.287,1113,0.799979,-0.151854,0.657148,-6.269,28.679,4,7 4 1 3,6.8908,0.002040,0,0
1787862888.331,1114,0.803277,-0.150866,0.656627,-6.076,28.408,4,7 4 1 3,7.1854,0.002127,0,0
1787862888.380,1115,0.803776,-0.147273,0.653478,-5.884,28.056,4,7 4 1 3,7.5559,0.002241,0,0
1787862888.429,1116,0.804400,-0.143956,0.648795,-5.689,27.717,4,7 4 1 3,8.3235,0.002475,0,0
1787862888.476,1117,0.811348,-0.152171,0.656671,-5.532,27.739,4,7 4 1 3,7.7728,0.002301,0,0
1787862888.520,1118,0.813876,-0.146800,0.649618,-5.390,27.327,4,7 4 1 3,8.2321,0.002447,0,0
1787862888.564,1119,0.815021,-0.148518,0.651029,-5.256,27.160,4,7 4 1 3,7.7355,0.002297,0,0
1787862888.606,1120,0.816271,-0.146783,0.648778,-5.098,26.892,4,7 4 1 3,7.5392,0.002242,0,0
1787862888.650,1121,0.819032,-0.148054,0.651544,-4.918,26.729,4,7 4 1 3,7.6462,0.002270,0,0
1787862888.699,1122,0.889754,-0.108767,0.626016,-4.720,25.083,2,7 4,7.3126,0.003113,0,0
1787862888.749,1123,0.964418,-0.147843,0.648380,-4.633,26.181,3,7 4 1,6.8376,0.002348,0,0
1787862888.792,1124,0.818267,-0.153201,0.649565,-4.482,26.123,4,7 4 1 3,7.1951,0.002138,0,0
1787862888.837,1125,0.925984,-0.147657,0.642849,-4.301,25.731,3,7 4 1,6.4055,0.002206,0,0
1787862888.884,1126,0.976675,-0.149629,0.645481,-4.179,25.800,3,7 4 1,5.9783,0.002056,0,0
1787862888.928,1127,0.961781,-0.147455,0.642075,-4.043,25.533,3,7 4 1,6.6622,0.002296,0,0
1787862888.973,1128,0.905821,-0.146556,0.639134,-3.943,25.165,3,7 4 1,6.8660,0.002370,0,0
1787862889.015,1129,0.840783,-0.140750,0.631294,-3.803,24.681,3,7 4 1,8.0877,0.002803,0,0
1787862889.061,1130,0.808969,-0.142641,0.633902,-3.649,24.549,3,7 4 1,8.5339,0.002953,0,0
1787862889.107,1131,0.845413,-0.139596,0.630917,-3.506,24.330,3,7 4 1,8.6644,0.003003,0,0
1787862889.153,1132,0.830244,-0.141511,0.631309,-3.365,24.204,3,7 4 1,8.3624,0.002898,0,0
1787862889.198,1133,0.861987,-0.144544,0.632880,-3.257,24.229,3,7 4 1,6.7610,0.002341,0,0
1787862889.247,1134,0.888004,-0.143906,0.632465,-3.152,24.180,3,7 4 1,7.3526,0.002547,0,0
1787862889.291,1135,0.881135,-0.145844,0.632754,-2.966,24.087,3,7 4 1,6.3520,0.002200,0,0
1787862889.336,1136,0.902590,-0.146240,0.632647,-2.866,24.090,3,7 4 1,6.3845,0.002211,0,0
1787862889.381,1137,0.904143,-0.090992,0.602405,-2.886,22.316,2,7 4,6.9835,0.003010,0,0
1787862889.428,1138,0.876476,-0.143039,0.626344,-2.611,23.582,3,7 4 1,7.0679,0.002456,0,0
1787862889.472,1139,0.892740,-0.148934,0.631620,-2.510,23.787,3,7 4 1,6.8529,0.002375,0,0
1787862889.518,1140,0.955449,-0.145161,0.627177,-2.470,24.150,3,7 4 1,6.9481,0.002413,0,0
1787862889.564,1141,0.920728,-0.147167,0.626570,-2.289,23.787,3,7 4 1,8.4004,0.002919,0,0
1787862889.612,1142,0.814885,-0.146598,0.631433,-2.499,22.883,4,7 4 1 0,9.6361,0.002892,0,0
1787862889.657,1143,0.813357,-0.132091,0.609755,-2.436,22.208,5,7 4 2 1 0,10.7696,0.002924,0,0
1787862889.705,1144,0.812534,-0.130795,0.607860,-2.386,22.054,5,7 4 2 0 1,10.6713,0.002901,0,0
1787862889.752,1145,0.952111,-0.146036,0.625516,-1.990,23.903,3,7 4 1,6.1628,0.002142,0,0
1787862889.792,1146,0.838928,-0.142305,0.617795,-1.718,22.417,3,7 4 2,7.1231,0.002486,0,0
1787862889.837,1147,0.820200,-0.135475,0.611164,-2.080,22.006,5,7 4 2 1 0,10.6521,0.002890,0,0
1787862889.879,1148,0.836345,-0.150352,0.621811,-1.727,22.502,4,7 4 2 1,6.9859,0.002107,0,0
1787862889.926,1149,0.822234,-0.138428,0.612088,-1.963,21.972,6,7 6 4 2 1 0,9.0605,0.002243,0,0
1787862889.970,1150,0.822765,-0.139621,0.610549,-1.949,21.955,6,7 6 4 2 1 0,9.8241,0.002434,0,0
1787862890.013,1151,0.827296,-0.140746,0.611367,-1.925,21.992,6,7 6 4 2 1 0,9.6582,0.002392,0,0
1787862890.057,1152,0.832792,-0.138359,0.608855,-1.895,21.934,6,7 6 4 2 1 0,9.7240,0.002412,0,0
1787862890.102,1153,1.066228,-0.152346,0.631527,-1.651,25.964,3,7 4 1,6.4610,0.002239,0,0
1787862890.147,1154,0.843302,-0.135636,0.604351,-1.894,21.862,6,7 6 4 2 1 0,10.3386,0.002570,0,0
1787862890.191,1155,0.839966,-0.136744,0.602720,-1.916,21.805,6,7 6 4 2 1 0,9.4801,0.002359,0,0
1787862890.238,1156,0.850710,-0.137077,0.605547,-1.940,21.916,6,7 6 4 2 1 0,9.5282,0.002367,0,0
1787862890.283,1157,0.851086,-0.140230,0.606665,-1.997,21.950,6,7 6 4 2 1 0,9.5019,0.002359,0,0
1787862890.329,1158,0.855816,-0.138380,0.608616,-2.014,21.966,6,7 6 4 2 1 0,9.5870,0.002378,0,0
1787862890.375,1159,0.860141,-0.138239,0.610084,-2.110,21.997,6,7 6 4 2 1 0,9.5929,0.002378,0,0
1787862890.422,1160,0.864218,-0.137128,0.611361,-2.193,22.002,6,7 6 4 2 1 0,9.3576,0.002318,0,0
1787862890.469,1161,0.870493,-0.138603,0.614505,-2.261,22.105,6,7 6 4 2 1 0,9.3883,0.002321,0,0
1787862890.515,1162,0.871752,-0.137215,0.614028,-2.368,22.043,6,7 6 4 2 1 0,9.5999,0.002374,0,0
1787862890.561,1163,0.877171,-0.136264,0.615821,-2.473,22.049,6,7 6 4 2 1 0,9.5309,0.002355,0,0
1787862890.607,1164,0.882659,-0.135494,0.616256,-2.642,22.065,6,7 6 4 2 1 0,9.4917,0.002345,0,0
1787862890.651,1165,0.884987,-0.136595,0.616912,-2.761,22.088,6,7 6 4 2 1 0,10.0246,0.002476,0,0
1787862890.698,1166,0.888443,-0.135834,0.616521,-2.885,22.093,6,7 6 4 2 1 0,9.7628,0.002411,0,0
1787862890.741,1167,0.895016,-0.134475,0.618548,-2.990,22.157,6,7 6 4 2 1 0,9.4876,0.002341,0,0
1787862890.787,1168,0.898047,-0.134351,0.617938,-3.138,22.185,6,7 6 4 2 1 0,9.2250,0.002277,0,0
1787862890.832,1169,0.903654,-0.133144,0.618176,-3.276,22.249,6,7 6 4 2 1 0,9.4633,0.002335,0,0
1787862890.877,1170,0.907216,-0.132958,0.617928,-3.408,22.311,6,7 6 4 2 1 0,9.5451,0.002356,0,0
1787862890.924,1171,0.913099,-0.133011,0.618860,-3.542,22.443,6,7 6 4 2 1 0,9.5671,0.002360,0,0
1787862890.968,1172,0.916739,-0.132441,0.618483,-3.678,22.541,6,7 6 4 2 1 0,9.5968,0.002368,0,0
1787862891.011,1173,0.919746,-0.132426,0.618524,-3.806,22.661,6,7 6 4 2 1 0,9.6253,0.002375,0,0
1787862891.055,1174,0.923342,-0.132152,0.617744,-3.935,22.779,6,7 6 4 2 1 0,9.4986,0.002345,0,0
1787862891.102,1175,0.926647,-0.132211,0.617148,-4.077,22.887,6,7 6 4 2 1 0,9.4436,0.002332,0,0
1787862891.148,1176,0.929842,-0.132172,0.616914,-4.209,22.987,6,7 6 4 2 1 0,9.5228,0.002352,0,0
1787862891.193,1177,0.933482,-0.131980,0.616977,-4.358,23.064,6,7 6 4 2 1 0,9.4030,0.002322,0,0
1787862891.240,1178,0.937808,-0.132819,0.617586,-4.503,23.159,6,7 6 4 2 1 0,9.4953,0.002344,0,0
1787862891.287,1179,0.940533,-0.133991,0.617594,-4.650,23.206,6,7 6 4 2 1 0,9.6029,0.002371,0,0
1787862891.333,1180,0.946115,-0.135738,0.615274,-4.816,23.264,6,7 6 4 2 1 0,9.4955,0.002347,0,0
1787862891.380,1181,0.951173,-0.138660,0.614335,-4.966,23.332,6,7 6 4 2 1 0,9.5162,0.002353,0,0
1787862891.427,1182,0.956899,-0.140321,0.615162,-5.117,23.398,6,7 6 4 2 1 0,9.4166,0.002328,0,0
1787862891.473,1183,0.961402,-0.141897,0.615011,-5.283,23.414,6,7 6 4 2 1 0,9.4842,0.002344,0,0
1787862891.520,1184,0.968457,-0.144448,0.616725,-5.432,23.511,6,7 6 4 2 1 0,9.4442,0.002332,0,0
1787862891.568,1185,0.974151,-0.146864,0.616935,-5.595,23.563,6,7 6 4 2 1 0,9.5931,0.002369,0,0
1787862891.616,1186,0.981434,-0.149113,0.617271,-5.764,23.628,6,7 6 4 2 1 0,9.7457,0.002406,0,0
1787862891.661,1187,0.985654,-0.149676,0.616054,-5.912,23.594,6,7 6 4 2 1 0,9.5379,0.002356,0,0
1787862891.707,1188,0.992192,-0.153813,0.615356,-6.066,23.687,6,7 6 4 2 1 0,9.7106,0.002400,0,0
1787862891.754,1189,0.998470,-0.154935,0.613064,-6.219,23.714,6,7 6 4 2 1 0,9.1988,0.002276,0,0
1787862891.801,1190,1.008051,-0.162458,0.615540,-6.388,23.996,6,7 6 4 2 1 0,9.1554,0.002263,0,0
1787862891.943,1191,1.011150,-0.157137,0.608289,-6.552,23.870,6,7 6 4 2 1 0,8.6966,0.002157,0,0
1787862891.988,1192,1.016197,-0.162327,0.608907,-6.687,24.017,6,7 6 4 2 1 0,9.2644,0.002298,0,0
1787862892.028,1193,1.023792,-0.164758,0.609235,-6.860,24.125,6,7 6 4 2 1 0,9.4946,0.002354,0,0
1787862892.073,1194,1.026105,-0.165773,0.605819,-7.010,24.070,6,7 6 4 2 1 0,9.1820,0.002281,0,0
1787862892.121,1195,1.030854,-0.168438,0.604410,-7.163,24.091,6,7 6 4 2 1 0,9.2439,0.002298,0,0
1787862892.166,1196,1.035368,-0.170850,0.602914,-7.315,24.099,6,7 6 4 2 1 0,9.4253,0.002345,0,0
1787862892.210,1197,1.039334,-0.173628,0.602136,-7.464,24.106,6,7 6 4 2 1 0,9.4497,0.002352,0,0
1787862892.256,1198,1.043753,-0.175714,0.599312,-7.615,24.092,6,7 6 4 2 1 0,9.4383,0.002353,0,0
1787862892.303,1199,1.048952,-0.177701,0.599310,-7.743,24.107,6,7 6 4 2 1 0,9.6118,0.002396,0,0
1787862892.348,1200,1.052235,-0.181118,0.597195,-7.898,24.095,6,7 6 4 2 1 0,8.9899,0.002243,0,0
1787862892.393,1201,1.054518,-0.183537,0.596294,-8.015,24.073,6,7 6 4 2 1 0,9.4464,0.002358,0,0
1787862892.440,1202,1.060093,-0.186840,0.594722,-8.161,24.094,6,7 6 4 2 1 0,9.2951,0.002322,0,0
1787862892.486,1203,1.062690,-0.190242,0.591799,-8.306,24.054,6,7 6 4 2 1 0,9.1098,0.002280,0,0
1787862892.531,1204,1.065475,-0.192303,0.590633,-8.447,23.996,6,7 6 4 2 1 0,10.0228,0.002510,0,0
1787862892.577,1205,1.065318,-0.196692,0.589552,-8.595,23.932,6,7 6 4 2 1 0,9.1364,0.002289,0,0
1787862892.621,1206,1.074536,-0.198587,0.589480,-8.682,23.943,6,7 6 4 2 1 0,8.8869,0.002227,0,0
1787862892.666,1207,1.075303,-0.202555,0.588402,-8.817,23.867,6,7 6 4 2 1 0,9.2445,0.002317,0,0
1787862892.709,1208,1.087973,-0.202503,0.588033,-8.950,23.894,6,7 6 4 2 1 0,9.9978,0.002507,0,0
1787862892.754,1209,1.114879,-0.213681,0.600555,-8.763,24.520,5,7 6 4 2 1,7.2658,0.001983,0,0
1787862892.800,1210,1.116127,-0.217186,0.599673,-8.841,24.511,5,7 6 4 2 1,6.8015,0.001857,0,0
1787862892.844,1211,1.119242,-0.218989,0.597465,-8.928,24.497,5,7 6 4 2 1,6.7441,0.001843,0,0
1787862892.890,1212,1.125184,-0.220805,0.594942,-8.998,24.537,5,7 6 4 2 1,6.7670,0.001852,0,0
1787862892.937,1213,1.128877,-0.223085,0.593015,-9.062,24.571,5,7 6 4 2 1,6.6173,0.001813,0,0
1787862892.984,1214,1.132136,-0.224016,0.592836,-9.125,24.605,5,7 6 4 2 1,6.6156,0.001812,0,0
1787862893.024,1215,1.134609,-0.224468,0.592364,-9.175,24.631,5,7 6 4 2 1,6.5843,0.001804,0,0
1787862893.070,1216,1.136508,-0.224786,0.591741,-9.227,24.652,5,7 6 4 2 1,6.5847,0.001805,0,0
1787862893.114,1217,1.139544,-0.225576,0.592994,-9.259,24.742,5,7 6 4 2 1,6.6059,0.001810,0,0
1787862893.163,1218,1.141519,-0.225576,0.592961,-9.298,24.783,5,7 6 4 2 1,6.6184,0.001813,0,0
1787862893.212,1219,1.142889,-0.225628,0.592360,-9.332,24.826,5,7 6 4 2 1,6.5475,0.001794,0,0
1787862893.259,1220,1.143893,-0.225694,0.592113,-9.362,24.866,5,7 6 4 2 1,6.6201,0.001814,0,0
1787862893.304,1221,1.143939,-0.225390,0.591672,-9.387,24.876,5,7 6 4 2 1,6.6052,0.001811,0,0
1787862893.348,1222,1.143882,-0.224961,0.591900,-9.417,24.881,5,7 6 4 2 1,6.5347,0.001791,0,0
1787862893.398,1223,1.144093,-0.224682,0.591999,-9.444,24.878,5,7 6 4 2 1,6.5388,0.001792,0,0
1787862893.445,1224,1.144826,-0.224390,0.592436,-9.462,24.880,5,7 6 4 2 1,6.5250,0.001788,0,0
1787862893.491,1225,1.144893,-0.224446,0.593428,-9.479,24.876,5,7 6 4 2 1,6.5819,0.001803,0,0
1787862893.538,1226,1.145776,-0.224781,0.593921,-9.487,24.881,5,7 6 4 2 1,6.5948,0.001806,0,0
1787862893.584,1227,1.144510,-0.224257,0.593311,-9.502,24.825,5,7 6 4 2 1,6.6529,0.001822,0,0
1787862893.631,1228,1.144767,-0.224170,0.593088,-9.500,24.805,5,7 6 4 2 1,6.5845,0.001804,0,0
1787862893.677,1229,1.145883,-0.224755,0.592742,-9.496,24.801,5,7 6 4 2 1,6.5829,0.001804,0,0
1787862893.725,1230,1.145297,-0.224337,0.593266,-9.487,24.766,5,7 6 4 2 1,6.6436,0.001820,0,0
1787862893.771,1231,1.144542,-0.223598,0.594848,-9.474,24.723,5,7 6 4 2 1,6.6250,0.001813,0,0
1787862893.820,1232,1.144639,-0.224207,0.594754,-9.462,24.700,5,7 6 4 2 1,6.6650,0.001824,0,0
1787862893.865,1233,1.145235,-0.224203,0.595390,-9.437,24.681,5,7 6 4 2 1,6.6680,0.001824,0,0
1787862893.910,1234,1.145827,-0.224293,0.594568,-9.400,24.644,5,7 6 4 2 1,6.7652,0.001852,0,0
1787862893.955,1235,1.145792,-0.223544,0.593347,-9.375,24.582,5,7 6 4 2 1,6.6699,0.001827,0,0
1787862894.007,1236,1.146807,-0.224418,0.594945,-9.330,24.587,5,7 6 4 2 1,6.7166,0.001838,0,0
1787862894.048,1237,1.146083,-0.223871,0.594708,-9.293,24.522,5,7 6 4 2 1,6.7514,0.001848,0,0
1787862894.094,1238,1.147696,-0.223703,0.594619,-9.247,24.507,5,7 6 4 2 1,6.7347,0.001843,0,0
1787862894.140,1239,1.146832,-0.223428,0.593406,-9.213,24.439,5,7 6 4 2 1,6.7768,0.001856,0,0
1787862894.186,1240,1.146791,-0.224015,0.592846,-9.170,24.406,5,7 6 4 2 1,6.7634,0.001853,0,0
1787862894.232,1241,1.147011,-0.223629,0.591917,-9.122,24.359,5,7 6 4 2 1,6.6802,0.001831,0,0
1787862894.278,1242,1.146334,-0.224612,0.591553,-9.087,24.330,5,7 6 4 2 1,6.6678,0.001828,0,0
1787862894.325,1243,1.146039,-0.223960,0.590306,-9.052,24.263,5,7 6 4 2 1,6.6283,0.001818,0,0
1787862894.371,1244,1.146637,-0.225374,0.589506,-9.016,24.252,5,7 6 4 2 1,6.6152,0.001816,0,0
1787862894.418,1245,1.146526,-0.225673,0.588804,-8.983,24.210,5,7 6 4 2 1,6.5474,0.001798,0,0
1787862894.462,1246,1.145545,-0.225135,0.588080,-8.955,24.135,5,7 6 4 2 1,6.5725,0.001805,0,0
1787862894.510,1247,1.145000,-0.225408,0.586748,-8.921,24.076,5,7 6 4 2 1,6.4654,0.001777,0,0
1787862894.557,1248,1.144851,-0.225513,0.586994,-8.889,24.033,5,7 6 4 2 1,6.4762,0.001780,0,0
1787862894.605,1249,1.154255,-0.229640,0.592823,-8.856,24.259,4,7 6 4 1,6.7100,0.002055,0,0
1787862894.651,1250,1.154277,-0.229267,0.592555,-8.827,24.197,4,7 6 4 1,6.7398,0.002065,0,0
1787862894.697,1251,1.153605,-0.229513,0.593475,-8.793,24.156,4,7 6 4 1,6.7129,0.002056,0,0
1787862894.744,1252,1.151895,-0.228617,0.592728,-8.764,24.060,4,7 6 4 1,6.6709,0.002043,0,0
1787862894.790,1253,1.151704,-0.228244,0.592797,-8.722,24.011,4,7 6 4 1,6.6994,0.002052,0,0
1787862894.836,1254,1.192287,-0.216086,0.580909,-8.774,24.207,3,7 4 1,6.7823,0.002414,0,0
1787862894.883,1255,1.189203,-0.215016,0.580369,-8.744,24.091,3,7 4 1,6.8181,0.002427,0,0
1787862894.928,1256,1.193487,-0.214321,0.580580,-8.714,24.094,3,7 4 1,6.8751,0.002447,0,0
1787862894.978,1257,1.188357,-0.212812,0.579868,-8.677,23.936,3,7 4 1,6.7833,0.002416,0,0
1787862895.020,1258,1.191022,-0.211305,0.582694,-8.642,23.933,3,7 4 1,6.7767,0.002410,0,0
1787862895.065,1259,1.182530,-0.209638,0.584315,-8.599,23.738,3,7 4 1,7.3982,0.002628,0,0
1787862895.113,1260,1.150307,-0.205948,0.579654,-8.572,23.092,3,7 4 1,7.2060,0.002566,0,0
1787862895.158,1261,1.063138,-0.213026,0.585136,-8.469,22.148,3,7 4 1,6.2809,0.002231,0,0
1787862895.202,1262,1.176962,-0.201793,0.590507,-8.624,23.280,3,7 4 1,7.7454,0.002743,0,0
1787862895.247,1263,1.092070,-0.206337,0.589728,-8.421,22.238,3,7 4 1,6.4816,0.002296,0,0
1787862895.291,1264,1.114619,-0.201863,0.591133,-8.463,22.376,3,7 4 1,7.6351,0.002703,0,0
1787862895.951,1265,1.146848,-0.196942,0.594855,-8.486,22.685,3,7 4 1,7.6467,0.002702,0,0
1787862895.996,1266,1.139281,-0.194582,0.596596,-8.447,22.567,3,7 4 1,7.4506,0.002630,0,0
1787862896.034,1267,1.151704,-0.195890,0.603085,-8.417,22.833,3,7 4 1,7.6856,0.002704,0,0
1787862896.078,1268,1.120536,-0.193894,0.600807,-8.338,22.431,3,7 4 1,7.8035,0.002749,0,0
1787862896.123,1269,1.126643,-0.191705,0.604575,-8.265,22.516,3,7 4 1,7.4223,0.002609,0,0
1787862896.166,1270,1.128966,-0.190349,0.606427,-8.170,22.591,3,7 4 1,7.5138,0.002639,0,0
1787862896.210,1271,1.096352,-0.188763,0.605948,-8.104,22.244,3,7 4 1,7.3302,0.002575,0,0
1787862896.257,1272,1.099198,-0.187810,0.610237,-8.070,22.348,3,7 4 1,7.5240,0.002637,0,0
1787862896.301,1273,1.086258,-0.189735,0.616306,-8.058,22.365,3,7 4 1,7.2320,0.002526,0,0
1787862896.347,1274,1.075319,-0.185097,0.614525,-8.021,22.201,3,7 4 1,7.3974,0.002587,0,0
1787862896.392,1275,1.104556,-0.187552,0.626199,-8.002,22.722,3,7 4 1,7.7049,0.002678,0,0
1787862896.437,1276,1.085840,-0.182237,0.626255,-7.965,22.500,3,7 4 1,7.5003,0.002606,0,0
1787862896.482,1277,1.045575,-0.174040,0.626285,-7.853,22.083,4,7 4 3 1,8.1531,0.002454,0,0
1787862896.527,1278,1.043104,-0.180090,0.638975,-7.803,22.460,4,7 4 3 1,8.2799,0.002475,0,0
1787862896.571,1279,1.023718,-0.175726,0.643229,-7.797,22.404,4,7 4 1 3,7.2827,0.002172,0,0
1787862896.617,1280,1.009072,-0.170212,0.645470,-7.770,22.321,4,7 4 3 1,7.9512,0.002368,0,0
1787862896.661,1281,0.975819,-0.071206,0.595142,-7.996,19.343,2,7 4,5.6903,0.002462,0,0
1787862896.705,1282,0.906821,-0.068049,0.599490,-7.930,19.189,2,7 4,8.5712,0.003700,0,0
1787862896.749,1283,1.201702,-0.128449,0.661504,-7.919,23.880,2,7 4,7.4428,0.003108,0,0
1787862896.792,1284,0.944939,-0.066534,0.609934,-7.919,19.815,2,7 4,7.7738,0.003337,0,0
1787862896.836,1285,0.820256,-0.063897,0.612282,-7.888,19.686,2,7 4,7.2556,0.003111,0,0
1787862897.610,1286,1.127541,-0.092623,0.643025,-7.899,22.366,2,7 4,7.2200,0.003045,0,0
1787862897.656,1287,1.034916,-0.148782,0.665820,-7.648,23.293,3,7 4 1,7.2629,0.002471,0,0
1787862897.700,1288,0.922965,-0.139694,0.654843,-7.551,22.496,4,7 4 3 1,6.5535,0.001942,0,0
1787862897.748,1289,0.919630,-0.141658,0.657930,-7.459,22.621,4,7 4 3 1,6.6878,0.001979,0,0
1787862897.793,1290,0.916450,-0.139942,0.658100,-7.295,22.615,4,7 4 1 3,6.1322,0.001814,0,0
1787862897.838,1291,0.909984,-0.138295,0.659172,-7.189,22.599,4,7 4 3 1,7.0407,0.002082,0,0
1787862897.885,1292,0.906926,-0.136850,0.658819,-7.053,22.591,4,7 4 1 3,7.4421,0.002201,0,0
1787862897.931,1293,0.906539,-0.136747,0.657656,-6.870,22.585,4,7 4 1 3,7.1340,0.002111,0,0
1787862897.976,1294,0.901585,-0.138357,0.659672,-6.743,22.659,4,7 4 1 3,7.4146,0.002192,0,0
1787862898.020,1295,0.901422,-0.138963,0.658864,-6.583,22.678,4,7 4 1 3,7.1149,0.002104,0,0
1787862898.065,1296,0.897779,-0.139081,0.659024,-6.423,22.693,4,7 4 1 3,7.2752,0.002151,0,0
1787862898.111,1297,0.896730,-0.136090,0.652839,-6.248,22.564,4,7 4 1 3,7.1909,0.002133,0,0
1787862898.157,1298,0.896981,-0.139198,0.652218,-6.032,22.630,4,7 4 1 3,7.3912,0.002194,0,0
1787862898.200,1299,0.890610,-0.137387,0.648738,-5.896,22.575,4,7 4 1 3,7.9180,0.002354,0,0
1787862898.247,1300,0.886587,-0.141212,0.653249,-5.698,22.717,4,7 4 1 3,7.5770,0.002247,0,0
1787862898.289,1301,0.886762,-0.142540,0.652763,-5.490,22.751,4,7 4 1 3,7.4257,0.002203,0,0
1787862898.333,1302,0.886824,-0.136250,0.645804,-5.294,22.553,4,7 4 1 3,7.1650,0.002134,0,0
1787862898.377,1303,0.888810,-0.141149,0.649658,-5.084,22.730,4,7 4 1 3,7.0046,0.002082,0,0
1787862898.422,1304,0.888815,-0.141193,0.650266,-4.890,22.766,4,7 4 1 3,7.2902,0.002166,0,0
1787862898.467,1305,0.886200,-0.141941,0.651649,-4.668,22.808,4,7 4 1 3,7.4214,0.002203,0,0
1787862898.513,1306,0.884589,-0.140608,0.650533,-4.441,22.772,4,7 4 1 3,7.2469,0.002153,0,0
1787862904.371,1307,0.884079,-0.141148,0.652469,-4.213,22.816,4,7 4 1 3,7.7736,0.002307,0,0
1787862904.423,1308,0.882267,-0.139114,0.652583,-3.938,22.768,4,7 4 1 3,7.6253,0.002263,0,0
1787862904.470,1309,0.879540,-0.139468,0.654658,-3.706,22.794,4,7 4 1 3,7.5626,0.002241,0,0
1787862904.515,1310,0.877953,-0.137935,0.654724,-3.450,22.744,4,7 4 1 3,7.6511,0.002268,0,0
1787862904.563,1311,0.876432,-0.137629,0.655684,-3.175,22.735,4,7 4 1 3,7.5402,0.002234,0,0
1787862904.608,1312,0.876190,-0.137094,0.657723,-2.876,22.722,4,7 4 1 3,7.4209,0.002196,0,0
1787862904.653,1313,0.873519,-0.135714,0.658895,-2.597,22.681,4,7 4 1 3,7.4639,0.002207,0,0
1787862904.700,1314,0.871753,-0.135288,0.658251,-2.295,22.635,4,7 4 1 3,7.4276,0.002197,0,0
1787862904.746,1315,0.871598,-0.136297,0.658310,-1.981,22.618,4,7 4 1 3,7.4693,0.002209,0,0
1787862904.795,1316,0.869388,-0.136542,0.658904,-1.671,22.581,4,7 4 1 3,7.3970,0.002187,0,0
1787862904.841,1317,0.869665,-0.136917,0.659235,-1.335,22.538,4,7 4 1 3,7.3001,0.002158,0,0
1787862904.887,1318,0.868822,-0.137696,0.659796,-0.997,22.505,4,7 4 1 3,7.3854,0.002183,0,0
1787862904.933,1319,0.868457,-0.142363,0.663199,-0.668,22.588,4,7 4 1 3,11.1775,0.003297,0,0
1787862904.980,1320,0.868662,-0.137805,0.657166,-0.334,22.362,3,7 4 1,8.1184,0.002775,0,0
1787862905.020,1321,0.865538,-0.138965,0.657064,0.019,22.330,3,7 4 1,7.9510,0.002718,0,0
1787862905.064,1322,0.870760,-0.139497,0.655979,0.384,22.241,3,7 4 1,8.0420,0.002750,0,0
1787862905.111,1323,0.867317,-0.139270,0.655097,0.750,22.167,3,7 4 1,8.0676,0.002760,0,0
1787862905.157,1324,0.868206,-0.140810,0.655629,1.126,22.131,3,7 4 1,7.9980,0.002736,0,0
1787862905.203,1325,0.869430,-0.141730,0.655812,1.524,22.076,3,7 4 1,8.1953,0.002803,0,0
1787862905.251,1326,0.874695,-0.141352,0.654584,1.912,21.971,3,7 4 1,8.1315,0.002783,0,0
1787862905.300,1327,0.868247,-0.141724,0.653611,2.316,21.928,3,7 4 1,8.1946,0.002806,0,0
1787862905.346,1328,0.881259,-0.141248,0.652732,2.734,21.795,3,7 4 1,8.2150,0.002814,0,0
1787862905.391,1329,0.873403,-0.141178,0.652355,3.153,21.737,3,7 4 1,8.2882,0.002840,0,0
1787862905.434,1330,0.877795,-0.141385,0.651490,3.577,21.643,3,7 4 1,8.2942,0.002843,0,0
1787862905.479,1331,0.883186,-0.140648,0.649743,4.019,21.519,3,7 4 1,8.3363,0.002861,0,0
1787862905.527,1332,0.905716,-0.145270,0.652551,4.418,21.525,3,7 4 1,8.3589,0.002864,0,0
1787862905.571,1333,0.883212,-0.145464,0.650777,4.885,21.508,3,7 4 1,8.2742,0.002838,0,0
1787862905.616,1334,0.884940,-0.143614,0.647731,5.269,21.370,3,7 4 1,8.3599,0.002872,0,0
1787862905.661,1335,0.868602,-0.141719,0.646135,5.809,21.314,3,7 4 1,8.5821,0.002951,0,0
1787862905.705,1336,0.873782,-0.141753,0.645836,6.299,21.251,3,7 4 1,8.2186,0.002826,0,0
1787862905.749,1337,0.867989,-0.142789,0.648508,6.722,21.285,3,7 4 1,8.1764,0.002808,0,0
1787862905.796,1338,0.863163,-0.139885,0.648751,7.239,21.195,3,7 4 1,8.1636,0.002803,0,0
1787862905.840,1339,0.870319,-0.142485,0.650193,7.696,21.221,3,7 4 1,7.9694,0.002734,0,0
1787862905.885,1340,0.860283,-0.141173,0.650278,8.113,21.192,3,7 4 1,8.2770,0.002839,0,0
1787862905.930,1341,0.842325,-0.141923,0.652058,8.669,21.279,3,7 4 1,8.5881,0.002943,0,0
1787862905.976,1342,0.874771,-0.140366,0.650502,9.118,21.053,3,7 4 1,8.3598,0.002867,0,0
1787862906.017,1343,0.862530,-0.141177,0.652157,9.556,21.110,3,7 4 1,8.0962,0.002775,0,0
1787862906.060,1344,0.862072,-0.139557,0.650649,10.096,21.022,3,7 4 1,8.4636,0.002903,0,0
1787862906.105,1345,0.848006,-0.138724,0.650869,10.557,21.032,3,7 4 1,8.3641,0.002868,0,0
1787862906.147,1346,0.856222,-0.138858,0.650957,11.030,20.963,3,7 4 1,8.3488,0.002863,0,0
1787862906.190,1347,0.854122,-0.139808,0.650673,11.508,20.955,3,7 4 1,8.2182,0.002819,0,0
1787862906.238,1348,0.844627,-0.139740,0.649889,11.986,20.962,3,7 4 1,8.0965,0.002778,0,0
1787862906.287,1349,0.850023,-0.139710,0.650317,12.444,20.906,3,7 4 1,8.0999,0.002779,0,0
1787862906.338,1350,0.857758,-0.140059,0.649540,12.897,20.846,3,7 4 1,8.3259,0.002857,0,0
1787862906.380,1351,0.847345,-0.139099,0.648938,13.400,20.840,3,7 4 1,8.2759,0.002841,0,0
1787862906.427,1352,0.843694,-0.138860,0.648843,13.886,20.833,3,7 4 1,8.2189,0.002822,0,0
1787862906.473,1353,0.843639,-0.138946,0.649267,14.342,20.817,3,7 4 1,8.0769,0.002772,0,0
1787862906.519,1354,0.851971,-0.138991,0.649233,14.792,20.756,3,7 4 1,8.2247,0.002823,0,0
1787862906.566,1355,0.853317,-0.139119,0.649526,15.228,20.745,3,7 4 1,8.3551,0.002867,0,0
1787862906.613,1356,0.847406,-0.139049,0.649975,15.737,20.760,3,7 4 1,7.9780,0.002737,0,0
1787862906.661,1357,0.847065,-0.138918,0.649032,16.199,20.728,3,7 4 1,8.0097,0.002750,0,0
1787862906.708,1358,0.838110,-0.138132,0.650165,16.683,20.752,3,7 4 1,8.0293,0.002755,0,0
1787862906.756,1359,0.841388,-0.137105,0.650285,17.161,20.692,3,7 4 1,7.9663,0.002733,0,0
1787862906.802,1360,0.844792,-0.136837,0.650489,17.617,20.661,3,7 4 1,8.0378,0.002757,0,0
1787862906.850,1361,0.843600,-0.136899,0.650770,18.071,20.670,3,7 4 1,8.1276,0.002787,0,0
1787862906.896,1362,0.846227,-0.137349,0.651124,18.532,20.666,3,7 4 1,7.9133,0.002713,0,0
1787862906.946,1363,0.885389,-0.147272,0.661213,18.773,20.795,4,7 8 4 1,10.9505,0.003234,0,0
1787862906.993,1364,0.897860,-0.142845,0.657748,19.250,20.615,4,7 8 4 1,8.7165,0.002579,0,0
1787862907.036,1365,0.899910,-0.141773,0.657343,19.717,20.583,4,7 8 4 1,8.7972,0.002604,0,0
1787862907.084,1366,0.901452,-0.140922,0.656497,20.173,20.553,4,7 8 4 1,8.9471,0.002649,0,0
1787862907.133,1367,0.910374,-0.139205,0.654364,20.624,20.458,4,7 8 4 1,8.8611,0.002627,0,0
1787862907.180,1368,0.905973,-0.141091,0.655367,21.075,20.521,4,7 8 4 1,8.9087,0.002639,0,0
1787862907.234,1369,0.897228,-0.142329,0.657417,21.528,20.580,4,7 8 4 1,8.6141,0.002549,0,0
1787862907.281,1370,0.904214,-0.141992,0.655003,21.959,20.503,4,7 8 4 1,8.8507,0.002623,0,0
1787862907.326,1371,0.898524,-0.142664,0.655470,22.420,20.527,4,7 8 4 1,8.6000,0.002548,0,0
1787862907.373,1372,0.905340,-0.142703,0.654097,22.839,20.469,4,7 8 4 1,8.8086,0.002611,0,0
1787862907.421,1373,0.905657,-0.143423,0.654073,23.269,20.460,4,7 8 4 1,8.7770,0.002602,0,0
1787862907.471,1374,0.902026,-0.144008,0.655153,23.709,20.485,4,7 8 4 1,8.9007,0.002637,0,0
1787862907.518,1375,0.904744,-0.143406,0.654511,24.132,20.432,4,7 8 4 1,8.7807,0.002603,0,0
1787862907.568,1376,0.904110,-0.143721,0.654297,24.564,20.416,4,7 8 4 1,8.7524,0.002595,0,0
1787862907.615,1377,0.907130,-0.143745,0.653541,24.970,20.383,4,7 8 4 1,8.7913,0.002607,0,0
1787862907.663,1378,0.905257,-0.144948,0.654024,25.371,20.413,4,7 8 4 1,8.8551,0.002625,0,0
1787862907.711,1379,0.904713,-0.144873,0.653780,25.773,20.400,4,7 8 4 1,8.8977,0.002638,0,0
1787862907.761,1380,0.907375,-0.144228,0.652293,26.182,20.354,4,7 8 4 1,8.7312,0.002591,0,0
1787862907.810,1381,0.909777,-0.143298,0.651322,26.583,20.300,4,7 8 4 1,8.8077,0.002615,0,0
1787862907.859,1382,0.907402,-0.144961,0.652931,26.968,20.359,4,7 8 4 1,8.6674,0.002571,0,0
1787862907.906,1383,0.907986,-0.144333,0.652693,27.361,20.328,4,7 8 4 1,8.6081,0.002554,0,0
1787862907.953,1384,0.907861,-0.144124,0.652667,27.738,20.318,4,7 8 4 1,8.5677,0.002542,0,0
1787862908.001,1385,0.907092,-0.144229,0.653643,28.107,20.326,4,7 8 4 1,8.5571,0.002538,0,0
1787862908.048,1386,0.908213,-0.143040,0.652808,28.477,20.281,4,7 8 4 1,8.4650,0.002511,0,0
1787862908.098,1387,0.908483,-0.142607,0.653749,28.838,20.283,4,7 8 4 1,8.6413,0.002562,0,0
1787862908.147,1388,0.907761,-0.141949,0.654536,29.203,20.278,4,7 8 4 1,8.5326,0.002529,0,0
1787862908.195,1389,0.909090,-0.141595,0.654139,29.559,20.259,4,7 8 4 1,8.6285,0.002558,0,0
1787862908.246,1390,0.908277,-0.142101,0.654867,29.910,20.281,4,7 8 4 1,8.6323,0.002558,0,0
1787862908.293,1391,0.908724,-0.142166,0.654723,30.265,20.272,4,7 8 4 1,8.5758,0.002542,0,0
1787862908.344,1392,0.907834,-0.141946,0.654515,30.617,20.265,4,7 8 4 1,8.6243,0.002556,0,0
1787862908.395,1393,0.909698,-0.142049,0.654297,30.963,20.253,4,7 8 4 1,8.6236,0.002556,0,0
1787862908.445,1394,0.910845,-0.141678,0.654046,31.299,20.235,4,7 8 4 1,8.6345,0.002560,0,0
1787862908.491,1395,0.909956,-0.141796,0.654230,31.638,20.234,4,7 8 4 1,8.7052,0.002581,0,0
1787862908.540,1396,0.909704,-0.142798,0.655074,31.975,20.257,4,7 8 4 1,8.6849,0.002573,0,0
1787862908.591,1397,0.911193,-0.142397,0.653849,32.313,20.216,4,7 8 4 1,8.6346,0.002560,0,0
1787862908.643,1398,0.911906,-0.142983,0.653236,32.646,20.211,4,7 8 4 1,8.6058,0.002553,0,0
1787862908.692,1399,0.912158,-0.142647,0.652856,32.968,20.184,4,7 8 4 1,8.5643,0.002541,0,0
1787862908.741,1400,0.913164,-0.142843,0.652069,33.304,20.168,4,7 8 4 1,8.5349,0.002533,0,0
1787862908.791,1401,0.912194,-0.143859,0.652159,33.630,20.184,4,7 8 4 1,8.5095,0.002525,0,0
1787862908.840,1402,0.912978,-0.143650,0.652070,33.957,20.166,4,7 8 4 1,8.5402,0.002535,0,0
1787862908.887,1403,0.913066,-0.144197,0.652463,34.275,20.172,4,7 8 4 1,8.4882,0.002519,0,0
1787862908.933,1404,0.913663,-0.144092,0.651504,34.598,20.144,4,7 8 4 1,8.4566,0.002511,0,0
1787862908.982,1405,0.914414,-0.144140,0.651585,34.908,20.132,4,7 8 4 1,8.4623,0.002512,0,0
1787862909.026,1406,0.914806,-0.144419,0.651038,35.215,20.126,4,7 8 4 1,8.4758,0.002517,0,0
1787862909.077,1407,0.915400,-0.143893,0.650456,35.517,20.103,4,7 8 4 1,8.4896,0.002522,0,0
1787862909.125,1408,0.915600,-0.143985,0.650789,35.810,20.105,4,7 8 4 1,8.4839,0.002520,0,0
1787862909.174,1409,0.918995,-0.143015,0.649782,36.097,20.059,4,7 8 4 1,8.4444,0.002509,0,0
1787862909.223,1410,0.917661,-0.143105,0.650351,36.370,20.066,4,7 8 4 1,8.5372,0.002536,0,0
1787862909.273,1411,0.919017,-0.142705,0.650150,36.637,20.046,4,7 8 4 1,8.5232,0.002532,0,0
1787862909.319,1412,0.883257,-0.163580,0.667121,37.075,20.773,5,7 8 2 4 1,10.4978,0.002764,0,0
1787862909.368,1413,0.887521,-0.161948,0.665010,37.330,20.691,5,7 8 2 4 1,10.7506,0.002834,0,0
1787862909.415,1414,0.884683,-0.161757,0.666234,37.552,20.706,5,7 8 2 4 1,9.4509,0.002490,0,0
1787862909.466,1415,0.885486,-0.161091,0.666432,37.781,20.685,5,7 8 2 4 1,9.4385,0.002486,0,0
1787862909.510,1416,0.885975,-0.161129,0.666390,37.997,20.679,5,7 8 2 4 1,9.4478,0.002489,0,0
1787862909.556,1417,0.886363,-0.160857,0.666201,38.197,20.658,5,7 8 2 4 1,9.4646,0.002493,0,0
1787862909.603,1418,0.886513,-0.160865,0.666204,38.385,20.654,5,7 8 2 4 1,9.4500,0.002489,0,0
1787862909.654,1419,0.887017,-0.160463,0.666216,38.560,20.639,5,7 8 2 4 1,9.4708,0.002495,0,0
1787862909.705,1420,0.887880,-0.160193,0.666045,38.726,20.622,5,7 8 2 4 1,9.4515,0.002490,0,0
1787862909.752,1421,0.888226,-0.160218,0.665917,38.873,20.619,5,7 8 2 4 1,9.4908,0.002501,0,0
1787862909.797,1422,0.888629,-0.159632,0.666219,39.018,20.603,5,7 8 2 4 1,9.3434,0.002461,0,0
1787862909.839,1423,0.889837,-0.159034,0.665541,39.146,20.582,5,7 8 2 4 1,9.3742,0.002470,0,0
1787862909.887,1424,0.890540,-0.159081,0.665434,39.249,20.582,5,7 8 2 4 1,9.4416,0.002488,0,0
1787862909.930,1425,0.890759,-0.159186,0.665124,39.343,20.586,5,7 8 2 4 1,9.4245,0.002484,0,0
1787862909.972,1426,0.891790,-0.159045,0.663903,39.420,20.572,5,7 8 2 4 1,9.4015,0.002480,0,0
1787862910.019,1427,0.892202,-0.159022,0.663612,39.524,20.574,5,7 8 2 4 1,9.4520,0.002494,0,0
1787862910.061,1428,0.893177,-0.158807,0.663346,39.625,20.560,5,7 8 2 4 1,9.3088,0.002456,0,0
1787862910.105,1429,0.893231,-0.158167,0.662853,39.714,20.549,5,7 8 2 4 1,9.4089,0.002483,0,0
1787862910.147,1430,0.893528,-0.158374,0.663018,39.785,20.559,5,7 8 2 4 1,9.5315,0.002515,0,0
1787862910.191,1431,0.893980,-0.157628,0.662730,39.834,20.539,5,7 8 2 4 1,9.3618,0.002471,0,0
1787862910.238,1432,0.894813,-0.157595,0.662640,39.863,20.537,5,7 8 2 4 1,9.3294,0.002462,0,0
1787862910.285,1433,0.895009,-0.157258,0.662369,39.876,20.527,5,7 8 2 4 1,9.4074,0.002483,0,0
1787862910.332,1434,0.895398,-0.157350,0.662343,39.878,20.530,5,7 8 2 4 1,9.4108,0.002484,0,0
1787862910.381,1435,0.895935,-0.157044,0.662031,39.861,20.523,5,7 8 2 4 1,9.4091,0.002484,0,0
1787862910.427,1436,0.896534,-0.156240,0.662272,39.832,20.509,5,7 8 2 4 1,9.4024,0.002482,0,0
1787862910.475,1437,0.896946,-0.155672,0.662144,39.794,20.499,5,7 8 2 4 1,9.4305,0.002490,0,0
1787862910.522,1438,0.897500,-0.155500,0.662099,39.734,20.497,5,7 8 2 4 1,9.3753,0.002475,0,0
1787862910.570,1439,0.897835,-0.155409,0.662104,39.664,20.498,5,7 8 2 4 1,9.3936,0.002480,0,0
1787862910.617,1440,0.898048,-0.155076,0.661980,39.541,20.503,5,7 8 2 4 1,9.3299,0.002463,0,0
1787862910.665,1441,0.898307,-0.154886,0.662055,39.406,20.513,5,7 8 2 4 1,9.4092,0.002484,0,0
1787862910.712,1442,0.898826,-0.153930,0.661873,39.242,20.503,5,7 8 2 4 1,9.4875,0.002505,0,0
1787862910.761,1443,0.899210,-0.153821,0.662045,39.066,20.522,5,7 8 2 4 1,9.4717,0.002501,0,0
1787862910.808,1444,0.899893,-0.153492,0.661819,38.870,20.531,5,7 8 2 4 1,9.4113,0.002485,0,0
1787862910.856,1445,0.900866,-0.151990,0.661564,38.621,20.514,5,7 8 2 4 1,9.4086,0.002485,0,0
1787862910.901,1446,0.902055,-0.151135,0.660892,38.353,20.513,5,7 8 2 4 1,9.4469,0.002496,0,0
1787862910.949,1447,0.901741,-0.151179,0.661511,38.069,20.553,5,7 8 2 4 1,9.4280,0.002490,0,0
1787862910.994,1448,0.902893,-0.150563,0.660309,37.692,20.538,5,7 8 2 4 1,9.4147,0.002488,0,0
1787862911.037,1449,0.901494,-0.150553,0.659935,37.310,20.547,5,7 8 2 4 1,9.7756,0.002584,0,0
1787862911.086,1450,0.904848,-0.152953,0.660006,36.884,20.579,5,7 8 4 2 1,12.6034,0.003331,0,0
1787862911.131,1451,0.904584,-0.124567,0.635294,36.480,19.694,3,7 4 1,6.9639,0.002408,0,0
1787862911.179,1452,0.887227,-0.124936,0.634172,35.998,19.718,3,7 4 1,7.5904,0.002627,0,0
1787862911.219,1453,0.857611,-0.042855,0.590700,36.206,17.330,2,7 4,7.3703,0.003196,0,0
1787862911.258,1454,0.766542,-0.043525,0.593391,36.092,18.010,2,7 4,7.2857,0.003155,0,0
1787862911.298,1455,0.940694,-0.125224,0.632536,34.102,19.456,3,7 8 4,9.2628,0.003208,0,0
1787862911.336,1456,0.795604,-0.049255,0.593711,34.667,17.889,2,7 4,6.9038,0.002989,0,0
1787862911.377,1457,0.928190,-0.136016,0.638719,32.799,19.756,4,7 8 4 1,7.2155,0.002157,0,0
1787862911.423,1458,0.926252,-0.135466,0.641279,32.154,19.744,4,7 8 4 1,7.9970,0.002387,0,0
1787862911.467,1459,0.930618,-0.132281,0.640118,31.391,19.603,4,7 8 4 1,8.2137,0.002454,0,0
1787862911.511,1460,0.933501,-0.124105,0.638270,30.825,19.356,3,7 8 4,10.0478,0.003469,0,0
1787862911.556,1461,0.913528,-0.135755,0.647303,29.974,19.778,4,7 8 4 1,8.4322,0.002509,0,0
1787862911.601,1462,0.917472,-0.136405,0.645517,29.231,19.757,4,7 8 4 1,8.2579,0.002460,0,0
1787862911.645,1463,0.919170,-0.134856,0.643912,28.519,19.705,4,7 8 4 1,8.9076,0.002655,0,0
1787862911.686,1464,0.917756,-0.135372,0.644117,27.729,19.719,4,7 8 4 1,8.1450,0.002428,0,0
1787862911.725,1465,0.916582,-0.137319,0.642938,26.933,19.765,4,7 8 4 1,8.1850,0.002441,0,0
1787862911.765,1466,0.914481,-0.137683,0.642770,26.128,19.780,4,7 8 4 1,8.0337,0.002396,0,0
1787862911.803,1467,0.912694,-0.137939,0.642414,25.260,19.791,4,7 8 4 1,8.6547,0.002582,0,0
1787862911.844,1468,0.910188,-0.137451,0.642304,24.385,19.798,4,7 8 4 1,8.9532,0.002671,0,0
1787862914.620,1469,0.911459,-0.137083,0.641234,23.511,19.785,4,7 8 4 1,8.9525,0.002673,0,0
1787862914.663,1470,0.913872,-0.136527,0.639743,22.695,19.766,4,7 8 4 1,9.0011,0.002689,0,0
1787862914.701,1471,0.911204,-0.137306,0.640370,21.789,19.825,4,7 8 4 1,8.8039,0.002630,0,0
1787862914.737,1472,0.915512,-0.133815,0.638586,20.919,19.732,4,7 8 4 1,9.0825,0.002715,0,0
1787862914.774,1473,0.910104,-0.135093,0.640353,20.053,19.833,4,7 8 4 1,8.5037,0.002540,0,0
1787862914.807,1474,0.913530,-0.135841,0.638530,19.076,19.848,4,7 8 4 1,8.7349,0.002611,0,0
1787862914.849,1475,0.905556,-0.134806,0.640563,18.115,19.907,4,7 8 4 1,8.2649,0.002468,0,0
1787862914.890,1476,0.911742,-0.132992,0.637522,17.199,19.829,4,7 8 4 1,8.3293,0.002492,0,0
1787862914.929,1477,0.876752,-0.127647,0.633214,16.401,19.865,3,7 4 1,7.7368,0.002679,0,0
1787862914.971,1478,0.861909,-0.126332,0.632787,15.544,19.942,3,7 4 1,7.6140,0.002637,0,0
1787862915.006,1479,0.868312,-0.129563,0.633579,14.554,20.039,3,7 4 1,7.9066,0.002737,0,0
1787862915.043,1480,0.888031,-0.123416,0.629029,13.623,19.774,3,7 4 1,7.9386,0.002755,0,0
1787862915.079,1481,0.909572,-0.123559,0.628614,12.612,19.719,3,7 4 1,7.7561,0.002692,0,0
1787862915.114,1482,0.915402,-0.122424,0.627449,11.692,19.682,3,7 4 1,7.6935,0.002672,0,0
1787862915.150,1483,0.913431,-0.123385,0.629584,10.720,19.746,3,7 4 1,7.2054,0.002499,0,0
1787862915.187,1484,0.862200,-0.123834,0.629618,9.737,20.008,3,7 4 1,7.7059,0.002673,0,0
1787862915.224,1485,0.936523,-0.120689,0.627591,8.838,19.652,3,7 4 1,7.7951,0.002707,0,0
1787862915.259,1486,0.957955,-0.127049,0.634626,7.812,19.861,3,7 4 1,7.7855,0.002693,0,0
1787862915.297,1487,0.858614,-0.130457,0.636323,6.851,20.326,3,7 4 1,7.8221,0.002704,0,0
1787862915.333,1488,0.899336,-0.124735,0.632339,5.898,19.988,3,7 4 1,7.4810,0.002591,0,0
1787862915.371,1489,0.918000,-0.120127,0.630484,5.132,19.819,3,7 4 1,7.6208,0.002642,0,0
1787862915.406,1490,0.854606,-0.124437,0.634623,4.078,20.240,3,7 4 1,7.5410,0.002609,0,0
1787862915.440,1491,0.849000,-0.123643,0.632595,3.163,20.243,3,7 4 1,7.8900,0.002733,0,0
1787862915.476,1492,0.843362,-0.125887,0.634705,2.233,20.356,3,7 4 1,7.5619,0.002616,0,0
1787862915.510,1493,0.835281,-0.125234,0.631146,1.372,20.353,3,7 4 1,7.6093,0.002637,0,0
1787862915.548,1494,0.875260,-0.127121,0.633015,0.380,20.229,3,7 4 1,7.7673,0.002689,0,0
1787862915.589,1495,0.843217,-0.126245,0.633036,-0.517,20.322,4,7 4 1 3,6.7174,0.002014,0,0
1787862915.623,1496,0.843917,-0.131689,0.637105,-1.428,20.479,4,7 4 1 3,6.4893,0.001942,0,0
1787862915.664,1497,0.841668,-0.127180,0.633077,-2.283,20.335,4,7 4 1 3,7.4225,0.002226,0,0
1787862915.699,1498,0.840593,-0.130215,0.635354,-3.120,20.430,4,7 4 1 3,6.7071,0.002009,0,0
1787862915.734,1499,0.839831,-0.127765,0.631182,-4.027,20.358,4,7 4 1 3,8.3642,0.002511,0,0
1787862915.772,1500,0.836371,-0.125884,0.631006,-4.919,20.347,4,7 4 1 3,6.8980,0.002071,0,0
1787862915.806,1501,0.835126,-0.128787,0.635135,-5.794,20.487,4,7 4 1 3,7.9921,0.002394,0,0
1787862915.838,1502,0.837185,-0.126829,0.632290,-6.656,20.436,4,7 4 1 3,7.7883,0.002336,0,0
1787862915.875,1503,0.834225,-0.125726,0.632516,-7.526,20.440,4,7 4 1 3,7.3257,0.002197,0,0
1787862915.914,1504,0.832870,-0.127282,0.632584,-8.381,20.497,4,7 4 1 3,7.1649,0.002149,0,0
1787862915.949,1505,0.832260,-0.124794,0.629731,-9.258,20.431,4,7 4 1 3,7.5536,0.002269,0,0
1787862915.987,1506,0.832093,-0.126408,0.631286,-10.081,20.490,4,7 4 1 3,7.3102,0.002194,0,0
1787862916.024,1507,0.830364,-0.124381,0.630722,-10.931,20.450,4,7 4 1 3,7.4494,0.002237,0,0
1787862916.062,1508,0.832665,-0.126440,0.632502,-11.762,20.522,4,7 4 1 3,7.3857,0.002215,0,0
1787862916.099,1509,0.832215,-0.125192,0.630415,-12.576,20.481,4,7 4 1 3,7.4770,0.002245,0,0
1787862916.141,1510,0.833246,-0.126394,0.631479,-13.403,20.538,4,7 4 1 3,7.2014,0.002161,0,0
1787862916.177,1511,0.832828,-0.126502,0.632190,-14.214,20.557,4,7 4 1 3,7.4080,0.002222,0,0
1787862916.213,1512,0.832965,-0.127100,0.632624,-15.006,20.586,4,7 4 1 3,7.3790,0.002213,0,0
1787862916.249,1513,0.832273,-0.126615,0.632044,-15.816,20.578,4,7 4 1 3,7.7235,0.002317,0,0
1787862916.285,1514,0.833932,-0.130024,0.632433,-16.608,20.668,4,7 4 1 3,7.4149,0.002224,0,0
1787862916.322,1515,0.831758,-0.127715,0.630038,-17.412,20.592,4,7 4 1 3,7.6766,0.002306,0,0
1787862916.358,1516,0.830531,-0.129515,0.631784,-18.178,20.652,4,7 4 1 3,7.4440,0.002234,0,0
1787862916.394,1517,0.829857,-0.129658,0.630753,-18.983,20.650,4,7 4 1 3,7.4841,0.002247,0,0
1787862916.431,1518,0.830285,-0.131788,0.630603,-19.732,20.700,4,7 4 1 3,7.3565,0.002209,0,0
1787862916.467,1519,0.829598,-0.132515,0.628307,-20.506,20.702,4,7 4 1 3,7.4996,0.002254,0,0
1787862916.504,1520,0.826252,-0.130162,0.624065,-21.308,20.603,5,7 4 5 1 3,10.4430,0.002814,0,0
1787862916.544,1521,0.827851,-0.131001,0.624982,-22.071,20.627,5,7 4 5 1 3,9.2147,0.002482,0,0
1787862916.580,1522,0.829070,-0.132057,0.624914,-22.827,20.641,5,7 4 5 1 3,7.4890,0.002017,0,0
1787862916.617,1523,0.827687,-0.132276,0.624624,-23.575,20.650,5,7 4 5 1 3,7.5660,0.002038,0,0
1787862916.654,1524,0.828077,-0.131730,0.623840,-24.336,20.633,5,7 4 5 1 3,7.7710,0.002094,0,0
1787862916.689,1525,0.828295,-0.132649,0.625755,-25.084,20.679,5,7 4 5 1 3,7.9303,0.002135,0,0
1787862916.726,1526,0.825393,-0.131573,0.623811,-25.818,20.654,5,7 4 5 1 3,7.9203,0.002135,0,0
1787862916.761,1527,0.825252,-0.132477,0.623497,-26.548,20.683,5,7 4 5 1 3,7.6129,0.002052,0,0
1787862916.798,1528,0.824925,-0.131593,0.622304,-27.301,20.661,5,7 4 5 1 3,7.6769,0.002071,0,0
1787862916.836,1529,0.824182,-0.132256,0.622407,-28.035,20.685,5,7 4 5 1 3,7.9743,0.002151,0,0
1787862916.876,1530,0.824712,-0.131741,0.620841,-28.775,20.663,5,7 4 5 1 3,7.6626,0.002069,0,0
1787862916.913,1531,0.822912,-0.133298,0.622139,-29.488,20.722,5,7 4 5 1 3,7.4523,0.002010,0,0
1787862916.948,1532,0.821651,-0.134490,0.623129,-30.205,20.764,5,7 4 5 1 3,7.8385,0.002113,0,0
1787862916.984,1533,0.817501,-0.136301,0.630088,-30.957,20.903,6,6 7 4 5 1 3,7.5454,0.001850,0,0
1787862917.024,1534,0.816085,-0.134617,0.626667,-31.712,20.851,6,6 7 4 5 1 3,7.4958,0.001841,0,0
1787862917.060,1535,0.815563,-0.134752,0.625793,-32.441,20.857,6,6 7 4 5 1 3,7.6981,0.001892,0,0
1787862917.097,1536,0.816072,-0.136126,0.627619,-33.125,20.914,6,6 7 4 5 1 3,7.5953,0.001865,0,0
1787862917.135,1537,0.813816,-0.137364,0.628425,-33.853,20.960,6,6 7 4 5 1 3,7.7883,0.001912,0,0
1787862917.171,1538,0.812641,-0.135136,0.626823,-34.539,20.913,6,6 7 4 5 1 3,7.9207,0.001946,0,0
1787862917.207,1539,0.812276,-0.138973,0.627774,-35.267,21.020,6,6 7 4 5 1 3,7.9228,0.001945,0,0
1787862917.244,1540,0.811738,-0.137838,0.625360,-35.983,20.965,6,6 7 4 5 1 3,7.2739,0.001788,0,0
1787862917.280,1541,0.801498,-0.127890,0.620751,-36.695,20.714,5,6 7 4 5 3,7.7323,0.002087,0,0
1787862917.315,1542,0.801806,-0.130280,0.621306,-37.349,20.769,5,6 7 4 5 3,7.6493,0.002064,0,0
1787862917.351,1543,0.802276,-0.130271,0.619915,-38.024,20.758,5,6 7 4 5 3,7.2852,0.001968,0,0
1787862917.387,1544,0.803338,-0.131805,0.620878,-38.709,20.795,5,6 7 4 5 3,7.4589,0.002013,0,0
1787862917.423,1545,0.802638,-0.133737,0.619468,-39.400,20.831,5,6 7 4 5 3,7.5621,0.002043,0,0
1787862917.458,1546,0.803314,-0.135377,0.620911,-40.070,20.884,5,6 7 4 5 3,7.2189,0.001949,0,0
1787862917.496,1547,0.804864,-0.136795,0.621198,-40.744,20.943,5,6 7 4 5 3,7.6822,0.002073,0,0
1787862917.531,1548,0.804871,-0.138501,0.621233,-41.420,20.991,5,6 7 4 5 3,7.2197,0.001949,0,0
1787862917.568,1549,0.801621,-0.135540,0.619636,-42.077,20.931,5,6 7 4 5 3,7.1615,0.001934,0,0
1787862917.602,1550,0.800605,-0.134469,0.619778,-42.732,20.938,5,6 7 4 5 3,6.7321,0.001818,0,0
1787862917.646,1551,0.802195,-0.137311,0.619815,-43.360,21.034,5,6 7 4 5 3,6.9305,0.001872,0,0
1787862917.682,1552,0.801630,-0.137138,0.619683,-43.978,21.069,5,6 7 4 5 3,7.4763,0.002019,0,0
1787862917.719,1553,0.799484,-0.136756,0.619006,-44.581,21.095,5,6 7 4 5 3,7.1551,0.001933,0,0
1787862917.756,1554,0.799696,-0.137246,0.619050,-45.182,21.158,5,6 7 4 5 3,7.0642,0.001909,0,0
1787862917.791,1555,0.800510,-0.138159,0.618628,-45.783,21.240,5,6 7 4 5 3,7.1312,0.001927,0,0
1787862917.829,1556,0.802287,-0.139999,0.618817,-46.348,21.350,5,6 7 4 5 3,7.1467,0.001931,0,0
1787862917.867,1557,0.802333,-0.140743,0.620373,-46.927,21.474,5,6 7 4 5 3,7.2836,0.001967,0,0
1787862917.904,1558,0.807089,-0.139340,0.613927,-47.437,21.434,4,7 4 5 3,7.4528,0.002258,0,0
1787862917.940,1559,0.809722,-0.145088,0.622657,-48.047,21.800,5,7 6 4 5 3,10.1190,0.002729,0,0
1787862917.975,1560,0.806630,-0.134431,0.612685,-48.528,21.528,4,7 4 5 3,7.5432,0.002287,0,0
1787862918.012,1561,0.808393,-0.135715,0.615254,-49.055,21.700,4,7 4 5 3,7.3226,0.002217,0,0
1787862918.048,1562,0.806819,-0.138608,0.617590,-49.567,21.904,4,7 4 5 3,7.4866,0.002263,0,0
1787862918.085,1563,0.802633,-0.133472,0.615791,-50.058,21.847,4,7 4 5 3,7.4940,0.002268,0,0
1787862918.122,1564,0.802480,-0.131092,0.616019,-50.529,21.860,4,7 4 5 3,7.6957,0.002329,0,0
1787862918.157,1565,0.803323,-0.129831,0.616394,-50.962,21.885,4,7 4 5 3,7.1667,0.002168,0,0
1787862918.195,1566,0.802512,-0.127766,0.615767,-51.405,21.875,4,7 4 5 3,7.0831,0.002144,0,0
1787862918.230,1567,0.802617,-0.127907,0.616922,-51.834,21.933,4,7 4 5 3,7.0837,0.002142,0,0
1787862918.270,1568,0.805456,-0.129441,0.615606,-52.191,21.994,4,7 4 5 3,7.1481,0.002163,0,0
1787862918.310,1569,0.802341,-0.128873,0.616721,-52.573,22.042,4,7 4 5 3,7.3695,0.002229,0,0
1787862918.350,1570,0.800261,-0.129019,0.616516,-52.942,22.088,4,7 4 5 3,7.1689,0.002169,0,0
1787862918.386,1571,0.802235,-0.129952,0.614170,-53.254,22.124,4,7 4 5 3,7.2422,0.002194,0,0
1787862918.425,1572,0.798332,-0.128397,0.615201,-53.569,22.140,4,7 4 5 3,7.1798,0.002173,0,0
1787862918.459,1573,0.794876,-0.129031,0.615984,-53.855,22.207,4,7 4 5 3,7.1293,0.002157,0,0
1787862918.496,1574,0.797628,-0.135417,0.616459,-54.141,22.416,4,7 4 5 3,6.7134,0.002031,0,0
1787862918.530,1575,0.796099,-0.133716,0.612278,-54.398,22.379,4,7 4 5 3,7.9628,0.002414,0,0
1787862918.567,1576,0.787932,-0.132283,0.609572,-54.539,22.358,4,7 4 5 3,6.8669,0.002085,0,0
1787862918.601,1577,0.790249,-0.133144,0.607351,-54.855,22.403,5,6 7 4 5 3,7.2871,0.001981,0,0
1787862918.638,1578,0.787711,-0.137320,0.607871,-54.992,22.538,5,6 7 5 4 3,6.7025,0.001822,0,0
1787862918.673,1579,0.788086,-0.135457,0.602300,-55.167,22.471,5,6 7 4 5 3,6.8386,0.001864,0,0
1787862918.713,1580,0.789511,-0.139774,0.603880,-55.299,22.620,5,6 7 5 4 3,7.0525,0.001921,0,0
1787862918.753,1581,0.787848,-0.138260,0.602220,-55.427,22.598,5,6 7 5 4 3,7.1323,0.001944,0,0
1787862918.790,1582,0.787796,-0.137576,0.599033,-55.521,22.596,5,6 7 5 4 3,7.2114,0.001969,0,0
1787862918.829,1583,0.784775,-0.135028,0.597698,-55.579,22.552,5,6 7 5 4 3,8.6452,0.002363,0,0
1787862918.870,1584,0.783310,-0.132401,0.597807,-55.599,22.534,5,6 7 5 4 3,10.1416,0.002771,0,0
1787862918.912,1585,0.792226,-0.139509,0.602907,-55.612,22.808,4,6 5 4 3,6.3097,0.001923,0,0
1787862918.949,1586,0.792242,-0.141082,0.604148,-55.565,22.887,5,6 5 4 2 3,9.3030,0.002534,0,0
1787862918.987,1587,0.794154,-0.141969,0.604638,-55.523,22.965,5,6 5 4 2 3,9.4834,0.002582,0,0
1787862919.024,1588,0.792241,-0.140744,0.604079,-55.461,22.984,5,6 5 2 4 3,7.7937,0.002123,0,0
1787862919.061,1589,0.793042,-0.140089,0.604386,-55.360,23.033,5,6 5 2 4 3,7.8655,0.002142,0,0
1787862919.099,1590,0.789268,-0.137345,0.603880,-55.239,23.032,5,6 2 5 4 3,6.2538,0.001703,0,0
1787862919.137,1591,0.789319,-0.136259,0.603200,-55.088,23.062,5,6 2 5 4 3,6.3230,0.001723,0,0
1787862919.176,1592,0.790059,-0.134999,0.602714,-54.917,23.082,5,6 2 5 4 3,6.4098,0.001747,0,0
1787862919.212,1593,0.789771,-0.135018,0.602261,-54.749,23.122,5,6 2 5 4 3,6.6496,0.001813,0,0
1787862919.248,1594,0.789628,-0.133835,0.601421,-54.527,23.099,5,6 2 5 4 3,6.7206,0.001833,0,0
1787862919.285,1595,0.793482,-0.137661,0.601263,-54.245,23.184,5,6 2 5 4 3,6.5064,0.001775,0,0
1787862919.322,1596,0.791475,-0.137623,0.601836,-54.017,23.190,5,6 2 5 4 3,7.1090,0.001938,0,0
1787862919.357,1597,0.800830,-0.155802,0.612133,-53.502,23.652,3,5 4 3,6.6265,0.002320,0,0
1787862919.394,1598,0.805309,-0.140365,0.598460,-53.337,23.184,4,6 5 4 3,7.0064,0.002140,0,0
1787862919.430,1599,0.806377,-0.145786,0.603231,-53.002,23.344,4,6 5 4 3,6.2558,0.001906,0,0
1787862919.469,1600,0.806275,-0.145176,0.604767,-52.641,23.379,4,6 5 4 3,6.8736,0.002092,0,0
1787862919.506,1601,0.808507,-0.148883,0.607100,-52.237,23.495,4,6 5 4 3,6.1679,0.001875,0,0
1787862919.543,1602,0.809282,-0.147020,0.607921,-51.828,23.495,4,6 5 4 3,6.3852,0.001940,0,0
1787862919.579,1603,0.807576,-0.145655,0.608180,-51.419,23.496,4,6 5 4 3,6.1372,0.001865,0,0
1787862919.616,1604,0.807754,-0.144231,0.609583,-50.998,23.508,4,6 5 4 3,6.9133,0.002099,0,0
1787862919.654,1605,0.809006,-0.144549,0.610373,-50.529,23.514,4,6 5 4 3,6.6805,0.002027,0,0
1787862919.692,1606,0.807208,-0.141832,0.608905,-50.079,23.420,4,6 5 4 3,6.3113,0.001917,0,0
1787862919.735,1607,0.810350,-0.141953,0.608727,-49.531,23.395,4,6 5 4 3,6.4644,0.001964,0,0
1787862919.772,1608,0.803150,-0.136965,0.604166,-49.066,23.179,5,6 7 5 4 3,10.5877,0.002884,0,0
1787862919.809,1609,0.807458,-0.141048,0.608482,-48.603,23.312,6,6 7 5 4 1 3,8.9304,0.002215,0,0
1787862919.845,1610,0.810588,-0.143675,0.610957,-48.047,23.380,6,6 7 5 4 1 3,7.6338,0.001891,0,0
1787862919.882,1611,0.811162,-0.143487,0.611037,-47.487,23.349,6,6 7 5 4 1 3,7.5928,0.001881,0,0
1787862919.919,1612,0.812625,-0.144135,0.612412,-46.921,23.359,6,6 7 5 4 1 3,7.6986,0.001906,0,0
1787862919.958,1613,0.812332,-0.142653,0.611856,-46.349,23.299,6,6 7 5 4 1 3,7.3875,0.001829,0,0
1787862920.006,1614,0.812624,-0.141216,0.612603,-45.750,23.263,6,6 7 5 4 1 3,7.4064,0.001833,0,0
1787862920.044,1615,0.811441,-0.140788,0.612999,-45.144,23.250,6,6 7 5 4 3 1,7.4205,0.001836,0,0
1787862920.081,1616,0.811560,-0.139189,0.612051,-44.531,23.197,6,6 7 5 4 1 3,7.2741,0.001801,0,0
1787862920.118,1617,0.811166,-0.137905,0.612529,-43.915,23.166,6,6 7 5 4 1 3,7.2899,0.001804,0,0
1787862920.161,1618,0.811276,-0.136947,0.612547,-43.276,23.144,6,6 7 5 4 1 3,7.1579,0.001772,0,0
1787862920.198,1619,0.810283,-0.136592,0.613417,-42.623,23.137,6,6 7 5 4 1 3,7.2320,0.001789,0,0
1787862920.235,1620,0.810532,-0.135550,0.613113,-41.964,23.095,6,6 7 5 4 1 3,7.2122,0.001785,0,0
1787862920.272,1621,0.811499,-0.133783,0.611948,-41.311,23.012,6,6 7 5 4 1 3,7.2024,0.001783,0,0
1787862920.308,1622,0.810486,-0.132998,0.611844,-40.619,22.953,6,6 7 5 4 1 3,7.4214,0.001838,0,0
1787862920.346,1623,0.811444,-0.132423,0.612357,-39.945,22.903,6,6 7 5 4 1 3,7.3477,0.001819,0,0
1787862920.384,1624,0.812674,-0.131545,0.612287,-39.265,22.828,6,6 7 5 4 1 3,7.2814,0.001803,0,0
1787862920.423,1625,0.812512,-0.132194,0.613254,-38.530,22.781,6,6 7 5 4 1 3,7.5261,0.001862,0,0
1787862920.461,1626,0.811778,-0.130632,0.613177,-37.858,22.667,6,6 7 5 4 1 3,7.3748,0.001825,0,0
1787862920.497,1627,0.814026,-0.131789,0.614209,-37.125,22.619,6,6 7 5 4 1 3,7.4478,0.001842,0,0
1787862920.532,1628,0.812332,-0.132424,0.614824,-36.421,22.563,6,6 7 5 4 3 1,7.5175,0.001858,0,0
1787862920.571,1629,0.815413,-0.130947,0.614199,-35.701,22.444,6,6 7 5 4 1 3,7.0260,0.001738,0,0
1787862920.607,1630,0.811878,-0.131200,0.614958,-35.062,22.385,6,6 7 5 4 1 3,8.1426,0.002013,0,0
1787862920.644,1631,0.815498,-0.129688,0.611643,-34.271,22.214,6,6 7 5 4 1 3,7.0993,0.001758,0,0
1787862920.682,1632,0.816833,-0.130483,0.612833,-33.578,22.140,6,6 7 5 4 1 3,8.3715,0.002072,0,0
1787862920.717,1633,0.811219,-0.129363,0.612989,-32.858,22.004,6,6 7 4 5 1 3,8.7822,0.002173,0,0
1787862920.754,1634,0.818615,-0.131501,0.615010,-32.093,21.974,5,6 7 4 1 3,7.6592,0.002074,0,0
1787862920.788,1635,0.817304,-0.136798,0.619543,-31.313,22.018,4,7 4 1 3,7.5924,0.002293,0,0
1787862920.827,1636,0.817102,-0.133717,0.617036,-30.695,21.828,4,7 4 1 3,7.5043,0.002269,0,0
1787862920.863,1637,0.820376,-0.137704,0.620759,-29.921,21.875,4,7 4 1 3,7.8471,0.002368,0,0
1787862920.898,1638,0.822199,-0.131811,0.618588,-29.283,21.648,5,6 7 4 1 3,6.8192,0.001843,0,0
1787862920.934,1639,0.823923,-0.134398,0.623330,-28.616,21.657,5,6 7 4 1 3,6.7878,0.001830,0,0
1787862920.969,1640,0.823438,-0.129563,0.618867,-27.875,21.434,5,6 7 4 1 3,6.8720,0.001857,0,0
1787862921.005,1641,0.822199,-0.127578,0.620366,-27.183,21.326,5,6 7 4 1 3,7.5152,0.002029,0,0
1787862921.039,1642,0.821557,-0.126167,0.618814,-26.519,21.180,5,6 7 4 1 3,6.8904,0.001862,0,0
1787862921.076,1643,0.828295,-0.127843,0.618883,-25.807,21.123,5,7 6 4 1 3,10.4212,0.002816,0,0
1787862921.110,1644,0.822118,-0.125254,0.615324,-25.128,20.910,4,7 4 1 3,7.2826,0.002204,0,0
1787862921.147,1645,0.822156,-0.123991,0.613725,-24.475,20.761,4,7 4 1 3,7.1821,0.002176,0,0
1787862921.186,1646,0.822206,-0.126593,0.617262,-23.793,20.745,4,7 4 1 3,7.2847,0.002203,0,0
1787862921.222,1647,0.819486,-0.125415,0.615083,-23.155,20.584,4,7 4 1 3,7.5923,0.002298,0,0
1787862921.261,1648,0.819589,-0.128265,0.614768,-22.512,20.521,4,7 4 1 3,7.4091,0.002243,0,0
1787862921.295,1649,0.818488,-0.127900,0.614697,-21.964,20.365,4,7 4 1 3,7.3364,0.002221,0,0
1787862921.333,1650,0.819582,-0.122086,0.604810,-21.321,19.944,4,7 4 1 3,7.0766,0.002154,0,0
1787862921.370,1651,0.792504,-0.096157,0.590126,-20.720,19.003,3,7 4 3,7.8707,0.002788,0,0
1787862921.408,1652,0.827712,-0.135636,0.615128,-20.114,20.001,4,7 4 1 3,8.1294,0.002461,0,0
1787862921.448,1653,0.821377,-0.123484,0.604412,-19.526,19.494,4,7 4 1 3,7.6104,0.002317,0,0
1787862921.480,1654,0.820009,-0.125391,0.605876,-18.979,19.451,4,7 4 1 3,7.1842,0.002186,0,0
1787862921.516,1655,0.826036,-0.124940,0.603739,-18.349,19.298,4,7 4 1 3,7.7196,0.002351,0,0
1787862921.550,1656,0.828717,-0.129470,0.606357,-17.758,19.347,4,7 4 1 3,7.6653,0.002331,0,0
1787862921.588,1657,0.826575,-0.131401,0.607695,-17.175,19.343,4,7 4 1 3,7.4893,0.002276,0,0
1787862921.621,1658,0.825027,-0.126445,0.604560,-16.613,19.126,4,7 4 1 3,7.7386,0.002356,0,0
1787862921.658,1659,0.827079,-0.126311,0.602474,-16.017,19.025,4,7 4 1 3,7.5424,0.002299,0,0
1787862921.696,1660,0.826294,-0.126796,0.603257,-15.460,18.993,4,7 4 1 3,7.5303,0.002294,0,0
1787862921.733,1661,0.826566,-0.126779,0.603238,-14.954,18.936,4,7 4 1 3,7.3062,0.002226,0,0
1787862921.770,1662,0.829799,-0.127847,0.604801,-14.390,18.914,4,7 4 1 3,7.4633,0.002272,0,0
1787862921.806,1663,0.828808,-0.126972,0.607440,-13.885,18.881,4,7 4 1 3,7.9457,0.002415,0,0
1787862921.844,1664,0.830786,-0.127770,0.606796,-13.354,18.835,4,7 4 1 3,7.4459,0.002264,0,0
1787862921.880,1665,0.825832,-0.124436,0.607060,-12.901,18.748,4,7 4 1 3,7.4476,0.002264,0,0
1787862921.915,1666,0.830898,-0.129812,0.610802,-12.341,18.843,4,7 4 1 3,7.5366,0.002287,0,0
1787862921.952,1667,0.828363,-0.125528,0.606355,-11.910,18.662,4,7 4 1 3,7.1621,0.002178,0,0
1787862921.987,1668,0.830022,-0.124742,0.605515,-11.418,18.585,4,7 4 1 3,7.4076,0.002254,0,0
1787862922.023,1669,0.829203,-0.125750,0.607023,-11.012,18.589,4,7 4 1 3,7.7400,0.002353,0,0
1787862922.059,1670,0.828342,-0.122897,0.604327,-10.525,18.451,4,7 4 1 3,7.2950,0.002221,0,0
1787862922.097,1671,0.826873,-0.124153,0.606430,-10.125,18.455,4,7 4 1 3,7.1847,0.002185,0,0
1787862922.131,1672,0.827581,-0.124040,0.606285,-9.712,18.404,4,7 4 1 3,7.2018,0.002190,0,0
1787862922.167,1673,0.827139,-0.122925,0.606324,-9.312,18.343,4,7 4 1 3,7.1521,0.002175,0,0
1787862922.202,1674,0.827780,-0.124217,0.608075,-8.936,18.349,4,7 4 1 3,7.2370,0.002199,0,0
1787862922.239,1675,0.827663,-0.123192,0.607239,-8.570,18.285,4,7 4 1 3,7.2180,0.002194,0,0
1787862922.275,1676,0.827583,-0.122238,0.607255,-8.228,18.239,4,7 4 1 3,7.1089,0.002161,0,0
1787862922.310,1677,0.827465,-0.121193,0.607472,-7.884,18.192,4,7 4 1 3,7.1069,0.002160,0,0
1787862922.348,1678,0.827919,-0.120785,0.607095,-7.550,18.158,4,7 4 1 3,7.1701,0.002180,0,0
1787862922.385,1679,0.827429,-0.120620,0.607181,-7.243,18.145,4,7 4 1 3,7.1338,0.002169,0,0
1787862922.422,1680,0.825783,-0.119314,0.606887,-6.937,18.094,4,7 4 1 3,7.1956,0.002188,0,0
1787862922.458,1681,0.826462,-0.120076,0.606881,-6.649,18.084,4,7 4 1 3,6.9435,0.002111,0,0
1787862922.499,1682,0.825687,-0.119268,0.607303,-6.383,18.053,4,7 4 1 3,7.1119,0.002162,0,0
1787862922.537,1683,0.826110,-0.118227,0.606928,-6.111,17.992,4,7 4 1 3,7.0605,0.002147,0,0
1787862922.575,1684,0.825188,-0.118177,0.607476,-5.863,17.966,4,7 4 1 3,6.9935,0.002126,0,0
1787862922.612,1685,0.824521,-0.118013,0.607475,-5.625,17.932,4,7 4 1 3,6.9335,0.002107,0,0
1787862922.649,1686,0.824731,-0.118427,0.607974,-5.400,17.910,4,7 4 1 3,6.9046,0.002098,0,0
1787862922.690,1687,0.824320,-0.117373,0.607190,-5.183,17.842,4,7 4 1 3,6.9567,0.002115,0,0
1787862922.728,1688,0.824110,-0.118149,0.607894,-4.977,17.825,4,7 4 1 3,6.9979,0.002127,0,0
1787862922.767,1689,0.824012,-0.117875,0.607329,-4.787,17.778,4,7 4 1 3,7.0305,0.002137,0,0
1787862922.805,1690,0.822902,-0.118335,0.607748,-4.602,17.762,4,7 4 1 3,7.0146,0.002132,0,0
1787862922.843,1691,0.823011,-0.119216,0.608081,-4.431,17.748,4,7 4 1 3,7.0178,0.002132,0,0
1787862922.882,1692,0.822493,-0.118490,0.608183,-4.274,17.696,4,7 4 1 3,7.0876,0.002154,0,0
1787862922.918,1693,0.823521,-0.117521,0.607939,-4.121,17.629,4,7 4 1 3,7.0801,0.002152,0,0
1787862922.955,1694,0.823322,-0.117695,0.607176,-3.982,17.591,4,7 4 1 3,7.0992,0.002158,0,0
1787862922.993,1695,0.822928,-0.119074,0.607884,-3.848,17.600,4,7 4 1 3,6.9992,0.002127,0,0
1787862923.035,1696,0.823167,-0.118468,0.608138,-3.728,17.561,4,7 4 1 3,6.9969,0.002126,0,0
1787862923.073,1697,0.822690,-0.118204,0.607869,-3.614,17.533,4,7 4 1 3,7.0546,0.002144,0,0
1787862923.111,1698,0.822192,-0.118263,0.608392,-3.510,17.517,4,7 4 1 3,7.0237,0.002134,0,0
1787862923.148,1699,0.822689,-0.117849,0.607728,-3.412,17.483,4,7 4 1 3,7.0575,0.002145,0,0
1787862923.186,1700,0.821837,-0.117784,0.607330,-3.326,17.470,4,7 4 1 3,7.0835,0.002153,0,0
1787862923.221,1701,0.821687,-0.117365,0.606650,-3.235,17.442,4,7 4 1 3,7.0195,0.002135,0,0
1787862923.262,1702,0.822191,-0.117956,0.607850,-3.164,17.451,4,7 4 1 3,7.0875,0.002154,0,0
1787862923.299,1703,0.822598,-0.118487,0.608144,-3.092,17.452,4,7 4 1 3,7.0540,0.002143,0,0
1787862923.334,1704,0.822522,-0.117750,0.607682,-3.033,17.422,4,7 4 1 3,7.0612,0.002146,0,0
1787862923.372,1705,0.822655,-0.118183,0.607866,-2.981,17.423,4,7 4 1 3,7.0621,0.002146,0,0
1787862923.409,1706,0.823109,-0.118176,0.608972,-2.931,17.417,4,7 4 1 3,6.9922,0.002124,0,0
1787862923.447,1707,0.822766,-0.117654,0.609253,-2.893,17.395,4,7 4 1 3,7.1197,0.002162,0,0
1787862923.482,1708,0.823423,-0.118400,0.609742,-2.848,17.406,4,7 4 1 3,7.0387,0.002137,0,0
1787862923.519,1709,0.823071,-0.116936,0.609713,-2.818,17.367,4,7 4 1 3,7.1243,0.002163,0,0
1787862923.557,1710,0.823324,-0.117394,0.609826,-2.795,17.372,4,7 4 1 3,7.0864,0.002151,0,0
1787862923.593,1711,0.822816,-0.117529,0.609824,-2.763,17.373,4,7 4 1 3,7.2015,0.002186,0,0
1787862923.629,1712,0.822505,-0.116999,0.609405,-2.743,17.351,4,7 4 1 3,7.1776,0.002179,0,0
1787862923.667,1713,0.823545,-0.117657,0.609873,-2.726,17.357,4,7 4 1 3,7.1055,0.002157,0,0
1787862923.706,1714,0.823586,-0.117367,0.610391,-2.713,17.346,4,7 4 1 3,7.1520,0.002171,0,0
1787862923.742,1715,0.822911,-0.117383,0.610104,-2.708,17.333,4,7 4 1 3,7.1383,0.002167,0,0
